,qty,userid,qty_count,education,region,hhsz,age,income,child,race,country
0,1,6365661,1,5.0,1.0,2,11.0,7,0,1,0
1,1,6396922,1,2.0,2.0,2,8.0,4,0,1,0
2,1,8999933,1,4.0,3.0,5,10.0,3,1,1,0
3,1,9573834,2,,4.0,2,10.0,5,1,1,0
4,1,9576277,5,,1.0,3,8.0,7,1,1,0
5,1,9581009,1,,2.0,2,7.0,5,1,1,0
6,1,9595310,3,4.0,2.0,2,8.0,2,1,1,0
7,1,9611445,2,2.0,4.0,2,11.0,6,1,1,1
8,1,9663372,2,4.0,4.0,3,9.0,7,1,1,0
9,1,9752844,2,3.0,4.0,2,7.0,3,1,1,0
10,1,9764146,2,,2.0,1,8.0,7,0,1,0
11,1,9951311,3,,3.0,4,8.0,7,1,1,1
12,1,9956411,1,,4.0,2,9.0,5,0,1,1
13,1,9990417,4,,3.0,3,9.0,5,1,1,1
14,1,10276078,1,5.0,1.0,2,4.0,6,1,1,1
15,1,10284829,1,,4.0,4,7.0,4,1,1,0
16,1,10285221,11,,1.0,3,11.0,7,1,1,0
17,1,10305402,5,,1.0,4,9.0,6,1,1,0
18,1,10332894,1,,2.0,4,9.0,1,1,1,0
19,1,10339680,3,,3.0,2,5.0,3,1,1,0
20,1,10340875,7,1.0,3.0,2,6.0,1,1,1,1
21,1,10352738,6,,4.0,3,6.0,2,1,1,0
22,1,10382654,1,,1.0,3,8.0,5,1,1,1
23,1,10385601,5,,3.0,3,6.0,4,1,1,0
24,1,10391290,1,,3.0,4,9.0,6,1,1,0
25,1,10408686,2,,4.0,4,9.0,7,1,1,0
26,1,10413731,2,4.0,2.0,4,11.0,4,1,1,1
27,1,10415610,1,,4.0,2,9.0,4,1,1,0
28,1,10422755,1,,2.0,2,2.0,4,0,1,0
29,1,10456916,1,,2.0,5,7.0,6,1,1,0
30,1,10476526,1,,1.0,3,6.0,6,1,1,0
31,1,10490921,6,,1.0,2,8.0,4,0,1,0
32,1,10495134,1,,2.0,2,5.0,7,0,1,0
33,1,10501921,1,,2.0,2,7.0,7,1,1,0
34,1,10507116,10,2.0,3.0,2,9.0,6,1,1,0
35,1,10517660,2,,3.0,3,10.0,7,1,1,0
36,1,10520661,1,,2.0,3,8.0,3,1,2,0
37,1,10523633,1,,2.0,2,3.0,2,0,1,0
38,1,10526123,34,,3.0,2,9.0,5,0,1,1
39,1,10528231,20,,1.0,2,10.0,6,0,1,0
40,1,10537032,1,,3.0,3,6.0,3,1,1,0
41,1,10542491,4,,2.0,3,11.0,2,1,1,0
42,1,10553732,5,,3.0,2,3.0,5,0,1,1
43,1,10554937,1,4.0,2.0,4,6.0,4,1,1,0
44,1,10558921,9,,3.0,4,11.0,4,1,1,0
45,1,10577796,3,,1.0,1,7.0,5,0,1,0
46,1,10580614,2,,4.0,1,6.0,6,0,1,0
47,1,10610680,8,,2.0,1,3.0,1,0,1,0
48,1,10632341,3,,3.0,1,9.0,5,0,1,0
49,1,10647589,1,,3.0,6,5.0,6,1,1,0
50,1,10653056,2,2.0,3.0,2,8.0,5,1,1,0
51,1,10658740,4,,3.0,2,6.0,6,0,1,1
52,1,10688303,4,,1.0,4,11.0,6,1,1,0
53,1,10688935,1,,1.0,1,3.0,5,0,2,1
54,1,10692068,6,,1.0,4,11.0,5,1,1,0
55,1,10696641,1,,1.0,2,11.0,6,1,1,0
56,1,10703264,3,,1.0,2,5.0,5,0,1,0
57,1,10704652,1,,4.0,3,7.0,6,1,1,1
58,1,10709826,1,,1.0,3,6.0,7,1,1,0
59,1,10710384,1,4.0,3.0,2,7.0,7,0,1,0
60,1,10710946,1,1.0,3.0,2,5.0,7,0,3,0
61,1,10713659,1,,4.0,2,11.0,5,0,1,0
62,1,10715418,1,,2.0,4,7.0,6,1,1,0
63,1,10718693,1,,1.0,2,6.0,7,1,1,0
64,1,10718870,5,,4.0,2,11.0,6,0,1,0
65,1,10723060,26,4.0,1.0,3,9.0,5,1,1,0
66,1,10724608,2,,4.0,5,6.0,1,1,1,1
67,1,10725804,1,,3.0,2,3.0,3,0,1,0
68,1,10727092,6,,2.0,3,6.0,7,1,1,0
69,1,10730454,2,,1.0,2,7.0,7,1,1,0
70,1,10733055,9,,4.0,4,10.0,7,1,1,0
71,1,10734292,1,1.0,4.0,2,6.0,6,0,1,0
72,1,10736808,1,,2.0,4,8.0,7,1,1,0
73,1,10736888,2,,2.0,4,6.0,4,1,1,1
74,1,10745380,2,,3.0,5,9.0,7,1,1,0
75,1,10745619,1,,3.0,4,7.0,5,1,1,0
76,1,10746199,2,,4.0,2,7.0,1,0,1,0
77,1,10757771,1,,4.0,3,7.0,7,1,1,0
78,1,10757974,5,,3.0,5,9.0,5,1,1,0
79,1,10759095,5,2.0,2.0,5,10.0,5,1,1,0
80,1,10760674,21,,3.0,3,5.0,6,1,1,0
81,1,10760774,4,,1.0,4,8.0,4,1,1,0
82,1,10761160,11,4.0,1.0,6,6.0,5,1,1,0
83,1,10767444,4,,3.0,3,11.0,1,1,1,0
84,1,10774792,1,,2.0,2,7.0,5,0,1,1
85,1,11355037,5,2.0,3.0,2,4.0,3,1,1,0
86,1,11402222,1,1.0,1.0,5,5.0,6,1,1,0
87,1,11431639,1,,3.0,2,1.0,4,0,1,0
88,1,11432820,1,,2.0,3,9.0,2,1,2,1
89,1,11434532,1,,1.0,3,4.0,4,1,1,0
90,1,11434843,2,,1.0,5,5.0,3,1,1,0
91,1,11440059,9,,4.0,2,11.0,7,1,1,0
92,1,11440783,2,4.0,3.0,4,8.0,5,1,1,0
93,1,11442947,1,,2.0,2,6.0,7,0,1,0
94,1,11444495,3,,1.0,1,8.0,5,0,1,0
95,1,11448354,7,,3.0,1,10.0,7,0,1,1
96,1,11450598,3,,1.0,2,5.0,3,0,1,0
97,1,11451278,8,,3.0,4,8.0,6,1,2,0
98,1,11452566,5,,1.0,2,3.0,1,0,1,0
99,1,11453297,1,,3.0,5,4.0,5,1,1,0
100,1,11454368,4,,1.0,2,11.0,1,0,1,0
101,1,11458301,1,4.0,4.0,3,6.0,5,1,1,0
102,1,11469989,1,,1.0,4,3.0,5,1,1,0
103,1,11471822,2,1.0,4.0,4,6.0,5,1,1,1
104,1,11471839,1,,2.0,2,9.0,5,0,1,0
105,1,11473689,1,,4.0,1,5.0,1,0,1,0
106,1,11476276,11,2.0,3.0,1,4.0,2,0,1,1
107,1,11483022,4,,2.0,2,8.0,4,1,1,1
108,1,11483119,1,2.0,4.0,4,8.0,7,1,1,0
109,1,11487862,3,,1.0,2,4.0,7,1,1,0
110,1,11489735,2,,3.0,5,7.0,1,1,1,0
111,1,11494025,13,,1.0,2,4.0,2,1,1,0
112,1,11494081,1,,3.0,5,11.0,7,1,1,0
113,1,11497186,1,5.0,1.0,2,4.0,1,0,2,1
114,1,11498494,1,2.0,3.0,3,9.0,5,1,1,0
115,1,11504516,9,,2.0,5,5.0,5,1,1,0
116,1,11519319,8,,3.0,3,8.0,6,1,1,0
117,1,11519577,2,,4.0,2,11.0,6,0,1,0
118,1,11520934,2,2.0,1.0,3,7.0,6,1,1,0
119,1,11527686,3,,1.0,4,8.0,5,1,1,0
120,1,11527948,1,,1.0,2,7.0,7,0,1,1
121,1,11537300,3,,4.0,1,9.0,5,0,1,0
122,1,11538290,3,,3.0,2,11.0,1,0,1,0
123,1,11551295,3,,2.0,4,8.0,7,1,1,0
124,1,11559220,6,,3.0,3,9.0,7,1,1,0
125,1,11560460,4,,2.0,6,6.0,5,1,1,1
126,1,11563902,3,,4.0,1,10.0,5,0,1,0
127,1,11565125,8,,3.0,4,5.0,7,1,1,0
128,1,11570612,1,,2.0,2,8.0,3,1,1,0
129,1,11573535,2,2.0,2.0,4,9.0,2,1,2,0
130,1,11580436,1,,3.0,5,6.0,6,1,1,0
131,1,11600412,1,,3.0,4,11.0,5,1,1,1
132,1,11605775,4,,2.0,3,10.0,1,1,1,1
133,1,11609921,3,,3.0,2,7.0,4,1,1,0
134,1,11613619,1,,3.0,1,4.0,4,0,1,1
135,1,11629487,1,,2.0,3,10.0,7,1,1,0
136,1,11634460,4,,1.0,3,4.0,5,1,1,0
137,1,11642227,3,,2.0,2,5.0,4,0,1,0
138,1,11657615,6,1.0,3.0,3,4.0,6,1,1,0
139,1,11904956,8,5.0,3.0,2,10.0,5,0,1,1
140,1,11913488,2,,2.0,2,7.0,5,0,1,1
141,1,11924289,2,,4.0,2,4.0,1,0,1,0
142,1,11934526,1,,3.0,1,10.0,7,0,1,0
143,1,11941012,3,,3.0,2,11.0,7,0,1,0
144,1,11945805,2,,4.0,4,11.0,1,1,1,0
145,1,12020755,1,,3.0,3,11.0,5,1,1,0
146,1,12028263,4,,3.0,3,8.0,1,1,1,0
147,1,12029514,1,,3.0,5,8.0,3,1,1,0
148,1,12031655,1,1.0,3.0,5,5.0,7,1,1,0
149,1,12033972,3,5.0,3.0,2,10.0,5,1,1,0
150,1,12047715,6,,2.0,2,8.0,7,0,1,1
151,1,12050547,1,5.0,4.0,2,7.0,6,0,1,1
152,1,12083224,1,2.0,3.0,2,7.0,4,0,1,0
153,1,12083644,2,4.0,4.0,6,7.0,7,1,1,0
154,1,12086484,1,,2.0,3,10.0,6,1,1,0
155,1,12096909,1,,4.0,2,7.0,7,1,1,0
156,1,12115022,3,,1.0,2,7.0,5,0,1,0
157,1,12123136,2,1.0,3.0,3,8.0,6,1,1,0
158,1,12130933,4,,2.0,3,10.0,6,1,1,0
159,1,12152210,2,,2.0,1,3.0,6,0,1,0
160,1,12290421,8,4.0,1.0,4,6.0,5,1,1,1
161,1,12396871,2,,4.0,4,5.0,7,1,1,1
162,1,12435851,1,1.0,2.0,2,5.0,6,0,2,0
163,1,12437452,10,,2.0,3,8.0,4,1,1,0
164,1,12438638,1,,3.0,4,11.0,4,1,1,0
165,1,12438754,3,,1.0,2,,5,1,1,0
166,1,12449958,1,4.0,3.0,3,4.0,3,1,1,1
167,1,12453887,3,4.0,3.0,6,9.0,5,1,1,0
168,1,12454286,8,,1.0,3,4.0,3,1,1,0
169,1,12463743,2,4.0,1.0,4,6.0,7,1,1,0
170,1,12467398,5,,1.0,2,6.0,5,0,1,0
171,1,12482810,1,,2.0,3,7.0,6,1,1,0
172,1,12498500,2,,3.0,2,9.0,5,0,1,0
173,1,12511145,4,,3.0,2,9.0,7,0,1,0
174,1,12518001,1,,2.0,3,5.0,7,1,1,0
175,1,12525209,1,,2.0,2,5.0,5,0,1,0
176,1,12536620,2,1.0,2.0,2,6.0,5,0,3,1
177,1,12555609,86,,1.0,4,5.0,6,1,1,0
178,1,12558072,2,,1.0,3,8.0,6,1,1,0
179,1,12561903,1,,2.0,2,6.0,5,1,1,0
180,1,12570214,1,2.0,2.0,2,9.0,6,1,1,1
181,1,12577908,6,5.0,4.0,4,6.0,4,1,1,1
182,1,12583438,1,,1.0,2,7.0,6,0,1,0
183,1,12586787,1,,3.0,4,8.0,7,1,1,1
184,1,12589827,1,,2.0,1,4.0,7,0,1,0
185,1,12597026,27,,1.0,2,9.0,7,1,1,0
186,1,12598906,1,,1.0,4,3.0,5,1,1,0
187,1,12600287,1,,4.0,1,11.0,1,0,1,0
188,1,12607218,5,,1.0,3,7.0,6,1,1,0
189,1,12612776,1,1.0,1.0,2,10.0,6,0,1,1
190,1,12621223,6,2.0,3.0,6,8.0,7,1,1,0
191,1,12623088,8,2.0,4.0,2,6.0,2,1,1,0
192,1,12624247,10,,2.0,2,11.0,5,0,1,0
193,1,12628895,3,5.0,3.0,4,6.0,7,1,1,1
194,1,12629487,1,,4.0,3,11.0,5,1,1,0
195,1,12631245,9,,4.0,3,9.0,4,1,1,0
196,1,12632072,1,,1.0,1,9.0,5,0,1,0
197,1,12634967,6,,1.0,2,6.0,6,0,1,1
198,1,12637185,2,2.0,1.0,5,8.0,7,1,3,0
199,1,12639205,6,4.0,2.0,6,4.0,4,1,1,0
200,1,12642150,1,,4.0,3,4.0,1,0,1,1
201,1,12650861,6,4.0,1.0,5,7.0,6,1,1,0
202,1,12654867,1,,4.0,3,5.0,5,1,1,1
203,1,12654924,2,,1.0,2,11.0,1,0,1,0
204,1,12666925,1,4.0,3.0,3,6.0,3,1,1,0
205,1,12673396,5,2.0,4.0,2,3.0,2,0,1,0
206,1,12693303,2,1.0,3.0,5,11.0,7,1,1,0
207,1,12695452,1,,4.0,3,9.0,7,1,1,0
208,1,12696373,4,,4.0,2,4.0,6,1,1,1
209,1,12697643,3,,4.0,1,4.0,2,0,1,0
210,1,12698790,3,1.0,2.0,3,6.0,2,1,1,0
211,1,12700525,7,,3.0,3,2.0,1,1,1,0
212,1,12709945,4,,1.0,2,11.0,7,0,1,0
213,1,12716225,1,4.0,3.0,4,6.0,7,1,1,0
214,1,12716906,5,,1.0,3,5.0,5,1,1,0
215,1,12725348,4,,2.0,4,8.0,4,1,1,0
216,1,12726951,4,,4.0,2,6.0,6,0,1,0
217,1,12727604,2,,1.0,3,6.0,7,1,1,0
218,1,12732644,6,,4.0,5,8.0,5,1,1,0
219,1,12732749,11,,2.0,2,6.0,4,1,1,0
220,1,12732895,1,,3.0,4,10.0,5,1,1,0
221,1,12737321,1,,3.0,3,5.0,3,1,1,0
222,1,12740283,2,,3.0,2,6.0,7,1,1,0
223,1,12748915,4,,2.0,2,9.0,4,0,1,1
224,1,12750440,2,,3.0,4,11.0,7,1,1,0
225,1,12753459,2,,1.0,3,11.0,7,1,1,0
226,1,12754693,1,2.0,1.0,3,8.0,2,1,1,0
227,1,12767174,2,,3.0,2,7.0,3,1,1,0
228,1,12772167,5,,1.0,5,8.0,7,1,1,0
229,1,12774277,2,,4.0,2,6.0,7,0,1,1
230,1,12793618,1,,3.0,1,4.0,5,0,1,0
231,1,12793677,2,,1.0,6,8.0,6,1,1,0
232,1,12796869,2,,2.0,4,1.0,5,1,1,0
233,1,12801568,1,,1.0,4,8.0,1,1,1,0
234,1,12802575,2,2.0,1.0,5,9.0,4,1,1,0
235,1,12806203,2,,1.0,4,10.0,5,1,1,0
236,1,12812145,1,,4.0,5,11.0,6,0,1,1
237,1,12817695,1,,2.0,2,3.0,4,0,1,0
238,1,12822154,3,,3.0,2,8.0,5,1,1,0
239,1,12826429,2,1.0,1.0,6,5.0,5,1,1,0
240,1,12827573,2,,3.0,4,6.0,6,1,1,0
241,1,12834186,3,3.0,4.0,1,11.0,2,0,1,0
242,1,12840512,13,4.0,3.0,3,11.0,1,1,1,0
243,1,12842811,6,,3.0,2,6.0,3,0,1,1
244,1,12868085,1,,1.0,2,9.0,6,0,1,0
245,1,12870613,3,,1.0,4,5.0,6,1,1,0
246,1,12871502,1,5.0,1.0,5,8.0,7,1,1,0
247,1,12877263,2,,2.0,2,8.0,5,1,1,0
248,1,12877634,4,2.0,1.0,1,5.0,2,0,1,0
249,1,12878092,1,,1.0,4,10.0,7,1,1,1
250,1,12881632,4,1.0,1.0,4,8.0,7,1,1,0
251,1,12889156,4,,3.0,6,7.0,7,1,1,0
252,1,12897505,13,1.0,1.0,3,6.0,6,1,3,0
253,1,12902728,1,2.0,2.0,4,8.0,5,1,1,1
254,1,12903331,1,,2.0,4,7.0,6,1,1,1
255,1,12905217,2,1.0,2.0,4,10.0,7,1,1,0
256,1,12906295,4,,3.0,6,4.0,7,1,1,1
257,1,12906553,6,,4.0,4,9.0,1,1,1,0
258,1,12908079,1,1.0,1.0,4,7.0,5,1,1,1
259,1,12908660,3,2.0,3.0,4,7.0,7,1,1,0
260,1,12910347,3,,1.0,2,9.0,7,0,1,0
261,1,12912061,3,,3.0,4,8.0,7,1,1,0
262,1,12915567,2,1.0,3.0,4,7.0,5,1,1,0
263,1,12917092,2,,4.0,4,8.0,4,1,1,0
264,1,12917266,2,,4.0,2,11.0,6,0,1,1
265,1,12927292,1,2.0,3.0,2,6.0,5,1,1,0
266,1,12928013,4,1.0,2.0,4,10.0,4,1,1,0
267,1,12929967,5,,1.0,3,11.0,4,1,1,0
268,1,12931804,1,,1.0,4,9.0,7,1,1,0
269,1,12931947,9,,4.0,2,11.0,5,1,1,0
270,1,12935140,10,4.0,2.0,3,11.0,4,1,1,0
271,1,12938496,1,,1.0,2,9.0,5,0,1,0
272,1,12940923,1,,3.0,4,10.0,3,1,1,0
273,1,12941361,1,1.0,4.0,3,11.0,5,1,1,1
274,1,12942013,1,1.0,4.0,3,5.0,3,1,1,1
275,1,12944480,1,,4.0,2,11.0,1,0,1,1
276,1,12945345,7,,3.0,2,6.0,7,0,1,0
277,1,12948437,34,,4.0,3,10.0,7,1,1,0
278,1,12948837,2,,2.0,2,6.0,2,0,1,0
279,1,12950677,1,4.0,3.0,2,5.0,5,1,1,0
280,1,12951905,3,1.0,4.0,3,7.0,4,1,1,0
281,1,12952629,1,,3.0,1,4.0,1,0,1,0
282,1,12953344,1,,4.0,2,4.0,7,1,1,1
283,1,12953939,1,,1.0,3,2.0,5,1,1,0
284,1,12954281,6,,4.0,5,4.0,1,1,1,0
285,1,12954474,5,,1.0,4,8.0,6,1,1,0
286,1,12954721,1,1.0,4.0,3,6.0,5,1,2,0
287,1,12958679,1,,3.0,3,6.0,6,1,1,0
288,1,12959394,3,1.0,2.0,4,3.0,1,1,1,1
289,1,12961337,1,,2.0,4,8.0,7,1,1,1
290,1,12961753,2,,4.0,5,6.0,6,1,1,0
291,1,12962011,1,4.0,2.0,3,6.0,7,1,1,0
292,1,12963828,1,,4.0,3,6.0,7,1,1,0
293,1,12964258,3,,1.0,5,7.0,5,1,1,0
294,1,12964996,19,2.0,4.0,2,6.0,4,0,1,0
295,1,12966188,2,,4.0,4,6.0,2,1,1,0
296,1,12967388,13,,2.0,4,11.0,5,1,1,0
297,1,12968780,1,2.0,3.0,3,8.0,5,1,1,1
298,1,12968879,21,,3.0,2,7.0,5,0,1,1
299,1,12973142,1,,2.0,6,5.0,7,1,1,0
300,1,12973157,7,,4.0,2,11.0,4,1,1,0
301,1,12974371,4,,2.0,4,9.0,5,1,1,1
302,1,12976282,3,4.0,2.0,4,9.0,6,1,1,0
303,1,12976421,1,1.0,4.0,2,7.0,6,1,1,1
304,1,12976860,2,5.0,4.0,2,11.0,3,1,1,0
305,1,12977035,2,,2.0,2,6.0,3,1,1,0
306,1,12977779,2,,1.0,2,7.0,6,0,1,0
307,1,12978557,6,,1.0,4,11.0,3,1,1,0
308,1,12979091,1,,3.0,4,11.0,5,1,1,0
309,1,12980272,2,,4.0,2,5.0,6,1,1,1
310,1,12980837,2,1.0,2.0,6,8.0,7,1,1,0
311,1,12981075,3,2.0,2.0,2,5.0,6,0,1,0
312,1,12982376,6,2.0,3.0,4,8.0,5,1,1,0
313,1,12984602,2,2.0,4.0,3,6.0,7,1,1,1
314,1,12986738,1,,3.0,2,9.0,5,0,1,0
315,1,12987378,1,,1.0,3,5.0,6,1,1,0
316,1,12989163,3,,4.0,4,8.0,7,1,1,0
317,1,12989406,3,,1.0,5,3.0,7,1,1,1
318,1,12992941,1,,3.0,4,11.0,5,0,1,0
319,1,12994275,2,,3.0,2,11.0,1,1,1,0
320,1,12995365,5,,2.0,2,9.0,5,1,1,0
321,1,12995374,1,,1.0,1,4.0,1,0,1,0
322,1,12995431,3,,2.0,5,10.0,4,1,1,0
323,1,12995446,2,1.0,4.0,3,6.0,4,1,1,0
324,1,12995682,6,,1.0,4,7.0,7,1,1,0
325,1,12995688,3,,3.0,5,6.0,4,1,1,0
326,1,12996040,1,2.0,4.0,1,5.0,5,0,1,1
327,1,12997968,1,,4.0,2,7.0,7,1,1,0
328,1,12998340,1,4.0,4.0,4,6.0,7,1,1,1
329,1,12999223,8,,2.0,3,6.0,6,1,1,0
330,1,12999293,2,,3.0,1,4.0,5,0,1,0
331,1,12999321,1,,1.0,4,10.0,5,1,1,0
332,1,13002521,1,,2.0,2,9.0,2,1,1,0
333,1,13002707,1,,2.0,3,4.0,5,1,1,0
334,1,13002731,2,,2.0,5,7.0,7,1,1,0
335,1,13003316,1,,1.0,2,5.0,5,0,1,0
336,1,13004574,1,,1.0,3,10.0,5,1,1,0
337,1,13005194,5,2.0,1.0,2,8.0,1,0,1,0
338,1,13007033,2,,1.0,2,7.0,3,0,1,0
339,1,13008364,2,,3.0,5,9.0,4,1,1,0
340,1,13009529,6,,3.0,2,5.0,7,0,1,0
341,1,13010794,1,,1.0,2,11.0,7,1,1,0
342,1,13012888,3,,4.0,2,5.0,7,1,3,0
343,1,13013999,23,2.0,1.0,3,9.0,6,1,1,0
344,1,13014381,1,,1.0,2,10.0,1,1,1,1
345,1,13015655,2,,2.0,3,8.0,7,1,1,0
346,1,13017695,1,,3.0,4,10.0,4,1,1,1
347,1,13020542,1,,4.0,3,9.0,7,1,1,0
348,1,13022480,12,,2.0,2,4.0,3,0,1,0
349,1,13023324,17,,4.0,3,8.0,1,1,1,1
350,1,13023461,1,,1.0,2,5.0,5,0,1,0
351,1,13023838,4,,2.0,2,4.0,7,0,1,0
352,1,13024062,27,,3.0,3,3.0,3,1,1,0
353,1,13027162,1,,3.0,2,11.0,5,1,1,0
354,1,13027652,2,4.0,3.0,2,10.0,7,0,1,0
355,1,13027972,3,,4.0,2,11.0,6,1,1,0
356,1,13028076,15,,3.0,5,11.0,1,1,1,0
357,1,13028405,2,,2.0,5,11.0,7,1,1,1
358,1,13030190,6,2.0,4.0,6,9.0,3,1,1,0
359,1,13030654,1,,1.0,4,11.0,4,1,1,0
360,1,13031709,7,1.0,3.0,3,6.0,7,1,1,0
361,1,13034684,6,,3.0,4,9.0,7,0,1,0
362,1,13034804,2,,2.0,4,7.0,5,1,1,0
363,1,13034955,1,,1.0,2,7.0,7,1,1,0
364,1,13036981,1,,1.0,4,5.0,6,1,1,0
365,1,13037285,11,,2.0,4,9.0,6,1,1,0
366,1,13038753,2,4.0,2.0,3,6.0,5,1,1,0
367,1,13038955,1,2.0,1.0,3,7.0,5,1,1,0
368,1,13039363,1,,2.0,4,11.0,1,1,1,0
369,1,13040815,9,,3.0,5,8.0,6,1,1,0
370,1,13042059,1,,3.0,3,9.0,7,1,1,0
371,1,13042989,1,,1.0,3,3.0,2,1,1,1
372,1,13044198,1,,1.0,1,9.0,5,0,2,1
373,1,13046577,7,,3.0,5,7.0,2,1,1,0
374,1,13048975,2,,3.0,5,6.0,5,1,1,0
375,1,13053120,2,,1.0,2,9.0,3,0,1,1
376,1,13054521,2,4.0,1.0,4,9.0,4,1,1,0
377,1,13054998,6,,2.0,2,4.0,2,0,1,0
378,1,13056195,2,,3.0,4,6.0,3,1,1,0
379,1,13058238,1,,4.0,1,11.0,5,0,1,0
380,1,13058590,1,,2.0,3,5.0,5,1,1,0
381,1,13058792,1,,2.0,4,10.0,7,1,1,1
382,1,13059437,5,,4.0,2,10.0,6,1,1,0
383,1,13061914,1,,4.0,3,4.0,3,1,1,0
384,1,13061928,11,1.0,1.0,3,10.0,5,1,1,0
385,1,13062937,3,,3.0,3,9.0,1,1,1,1
386,1,13063508,6,5.0,4.0,4,7.0,4,1,1,1
387,1,13063610,4,,3.0,3,9.0,6,1,1,0
388,1,13063815,23,1.0,3.0,2,7.0,3,1,1,0
389,1,13064877,1,,4.0,3,11.0,7,1,1,0
390,1,13065072,1,,1.0,4,6.0,5,1,1,1
391,1,13066440,1,,2.0,4,7.0,5,1,1,0
392,1,13071570,4,,1.0,2,3.0,7,0,2,0
393,1,13072514,6,,2.0,5,4.0,5,0,1,0
394,1,13074231,1,,3.0,3,11.0,5,1,1,0
395,1,13075032,1,1.0,2.0,3,7.0,7,1,1,0
396,1,13075355,39,,3.0,6,4.0,4,1,1,0
397,1,13076116,5,,3.0,3,11.0,4,0,1,1
398,1,13076185,5,4.0,2.0,3,8.0,7,1,1,0
399,1,13079002,2,,1.0,2,11.0,1,1,1,1
400,1,13106187,4,2.0,3.0,5,7.0,7,1,1,1
401,1,13110486,5,2.0,4.0,4,6.0,6,1,1,0
402,1,13111372,1,,4.0,5,8.0,7,1,1,0
403,1,13112291,8,2.0,3.0,5,9.0,2,1,1,0
404,1,13113765,2,4.0,1.0,2,7.0,5,0,1,0
405,1,13115290,2,2.0,1.0,4,8.0,3,1,1,0
406,1,13115331,3,2.0,4.0,6,9.0,7,1,1,0
407,1,13115335,1,,2.0,4,6.0,7,1,1,0
408,1,13115389,5,1.0,2.0,6,11.0,6,1,1,0
409,1,13122573,1,1.0,1.0,2,5.0,5,0,1,0
410,1,13124025,1,,1.0,3,8.0,4,1,1,0
411,1,13124125,1,5.0,4.0,3,6.0,4,0,1,0
412,1,13124472,1,,1.0,2,11.0,3,1,1,0
413,1,13125505,1,,3.0,2,9.0,5,0,1,0
414,1,13127827,2,,3.0,4,9.0,5,1,1,0
415,1,13129562,1,4.0,2.0,4,8.0,5,1,1,0
416,1,13132417,1,4.0,2.0,3,4.0,6,1,1,1
417,1,13134289,2,2.0,2.0,2,6.0,4,1,1,1
418,1,13135419,2,,3.0,4,7.0,7,1,1,0
419,1,13137429,1,2.0,2.0,4,6.0,7,1,1,1
420,1,13138887,5,,4.0,2,6.0,1,0,1,0
421,1,13141184,1,,2.0,6,6.0,6,1,1,0
422,1,13147893,1,,4.0,4,11.0,1,1,1,0
423,1,13148154,111,2.0,3.0,5,6.0,5,1,1,0
424,1,13151049,3,,1.0,5,6.0,7,1,1,0
425,1,13153997,3,,3.0,3,6.0,1,1,1,0
426,1,13158692,2,,4.0,2,11.0,7,0,1,0
427,1,13158940,8,,3.0,2,8.0,7,0,1,1
428,1,13160484,1,,3.0,3,4.0,4,1,1,0
429,1,13162326,4,2.0,1.0,5,7.0,7,1,1,0
430,1,13162607,1,,4.0,2,8.0,6,0,1,0
431,1,13168107,1,,3.0,2,7.0,2,0,1,1
432,1,13168826,1,5.0,3.0,4,7.0,5,1,1,0
433,1,13169862,1,,3.0,4,4.0,5,1,1,1
434,1,13170746,2,,1.0,5,6.0,6,1,1,0
435,1,13171400,1,,1.0,5,8.0,7,1,1,0
436,1,13175936,2,,1.0,2,11.0,3,0,1,0
437,1,13180541,2,1.0,1.0,3,7.0,4,1,3,0
438,1,13182504,8,,3.0,4,6.0,7,1,1,0
439,1,13207423,1,1.0,2.0,2,8.0,5,1,1,0
440,1,13207594,21,,3.0,2,10.0,5,1,1,1
441,1,13208503,2,,3.0,2,5.0,7,0,1,0
442,1,13208828,10,5.0,4.0,4,5.0,3,1,1,1
443,1,13210035,1,,4.0,2,9.0,5,1,1,0
444,1,13249274,8,,1.0,5,9.0,6,1,1,0
445,1,13252782,5,,1.0,4,5.0,7,1,1,0
446,1,13315199,2,1.0,1.0,5,10.0,6,1,1,0
447,1,13318423,1,,2.0,4,6.0,6,1,1,0
448,1,13318539,1,5.0,1.0,3,8.0,4,1,1,1
449,1,13327808,2,2.0,4.0,2,6.0,5,0,1,0
450,1,13342158,3,,3.0,4,5.0,7,1,1,1
451,1,13342770,2,2.0,2.0,3,7.0,1,1,1,0
452,1,13363139,2,,4.0,5,11.0,1,1,1,1
453,1,13365119,1,,3.0,3,4.0,5,1,1,0
454,1,13367767,1,4.0,4.0,1,5.0,4,0,1,0
455,1,13369569,6,1.0,1.0,2,10.0,5,1,1,0
456,1,13370111,4,,3.0,4,8.0,7,1,1,0
457,1,13376908,1,,3.0,3,10.0,7,1,1,0
458,1,13379401,2,,3.0,3,4.0,7,1,1,0
459,1,13379656,1,,4.0,3,11.0,6,1,1,1
460,1,13380042,1,,2.0,4,7.0,7,1,1,0
461,1,13386091,1,2.0,4.0,6,10.0,6,1,1,0
462,1,13389302,1,4.0,3.0,3,11.0,4,0,1,1
463,1,13395208,1,4.0,3.0,4,5.0,5,1,1,1
464,1,13395494,4,,3.0,3,8.0,7,1,1,1
465,1,13402676,1,,1.0,4,6.0,4,1,1,1
466,1,13404677,1,,4.0,2,9.0,2,1,1,1
467,1,13407385,1,,4.0,3,5.0,6,1,1,1
468,1,13408539,4,2.0,3.0,4,9.0,2,1,1,0
469,1,13409594,1,,4.0,3,11.0,5,1,1,0
470,1,13410022,4,1.0,3.0,5,8.0,4,1,1,1
471,1,13412723,2,1.0,2.0,3,7.0,5,1,1,0
472,1,13415336,1,2.0,1.0,4,8.0,5,1,1,1
473,1,13416286,6,,1.0,5,11.0,7,1,1,0
474,1,13420899,1,,3.0,4,8.0,5,1,1,0
475,1,13421093,3,,4.0,2,5.0,3,0,1,0
476,1,13421731,11,1.0,1.0,6,6.0,5,1,1,0
477,1,13423929,4,,4.0,2,4.0,5,0,1,1
478,1,13425541,2,,2.0,4,6.0,5,1,1,0
479,1,13429382,3,1.0,1.0,2,7.0,4,1,1,0
480,1,13430870,4,4.0,3.0,2,4.0,4,0,1,0
481,1,13430948,2,2.0,3.0,1,6.0,6,0,1,0
482,1,13434131,1,,3.0,2,8.0,5,0,1,1
483,1,13434592,5,4.0,3.0,3,7.0,1,1,1,0
484,1,13445674,2,1.0,2.0,2,4.0,2,0,1,0
485,1,13446938,1,5.0,3.0,3,9.0,2,0,1,0
486,1,13452729,1,5.0,1.0,6,11.0,4,1,1,0
487,1,13454605,3,1.0,1.0,3,3.0,3,1,1,0
488,1,13455404,4,2.0,2.0,3,9.0,2,1,1,0
489,1,13455512,5,4.0,1.0,2,7.0,3,0,1,0
490,1,13456383,10,,2.0,4,11.0,3,1,1,0
491,1,13457369,9,4.0,1.0,2,10.0,5,1,1,0
492,1,13463382,1,,1.0,5,10.0,7,1,1,0
493,1,13464810,2,,4.0,2,11.0,5,0,1,1
494,1,13467555,1,,3.0,4,7.0,7,1,1,1
495,1,13472657,2,4.0,3.0,4,4.0,7,1,1,1
496,1,13477462,4,2.0,3.0,4,6.0,2,1,1,1
497,1,13478013,1,,4.0,3,4.0,5,1,1,0
498,1,13478849,3,,1.0,4,7.0,7,1,1,1
499,1,13481270,4,,2.0,3,8.0,5,1,1,1
500,1,13486678,3,,2.0,2,5.0,4,1,1,1
501,1,13487787,4,4.0,3.0,5,6.0,5,1,1,1
502,1,13491532,10,5.0,4.0,4,7.0,2,1,1,1
503,1,13494062,2,5.0,3.0,2,7.0,4,0,1,1
504,1,13497519,1,,2.0,4,2.0,1,0,1,1
505,1,13500930,1,,2.0,3,4.0,3,1,1,0
506,1,13501572,1,,4.0,3,4.0,6,1,1,1
507,1,13503636,4,4.0,3.0,4,8.0,7,1,1,1
508,1,13503918,4,4.0,4.0,4,6.0,3,1,1,1
509,1,13504264,1,4.0,2.0,6,9.0,3,1,2,1
510,1,13508702,1,1.0,3.0,2,8.0,4,1,1,0
511,1,13513325,1,,4.0,3,8.0,5,1,1,1
512,1,13513874,1,4.0,1.0,3,4.0,6,1,1,0
513,1,13519449,8,,3.0,3,5.0,7,1,1,0
514,1,13520758,2,1.0,3.0,3,6.0,6,1,1,0
515,1,13520856,5,2.0,2.0,2,3.0,1,0,1,0
516,1,13524140,1,4.0,4.0,5,8.0,4,1,1,1
517,1,13524332,4,,4.0,2,7.0,5,1,1,0
518,1,13525346,3,4.0,3.0,2,2.0,1,0,1,1
519,1,13526031,2,,2.0,6,5.0,6,1,1,0
520,1,13535731,5,,1.0,5,5.0,5,1,1,0
521,1,13537542,2,,1.0,4,8.0,4,1,2,0
522,1,13540737,2,,4.0,2,7.0,1,0,1,0
523,1,13543040,1,1.0,1.0,3,6.0,3,1,1,0
524,1,13568562,5,1.0,2.0,5,9.0,3,1,1,1
525,1,13569505,1,4.0,1.0,3,5.0,7,1,1,0
526,1,13569631,1,,2.0,2,6.0,7,0,1,0
527,1,13573129,3,,4.0,5,9.0,7,1,1,1
528,1,13573961,2,,2.0,3,6.0,7,1,1,0
529,1,13577315,37,,4.0,5,9.0,7,1,1,0
530,1,13580205,1,5.0,1.0,5,10.0,5,1,1,1
531,1,13581455,1,,3.0,4,6.0,4,1,1,0
532,1,13581508,6,,1.0,6,6.0,6,1,1,0
533,1,13584462,1,,4.0,5,11.0,6,1,1,1
534,1,13585234,1,5.0,2.0,6,5.0,5,1,1,0
535,1,13588369,1,,2.0,4,6.0,7,1,1,0
536,1,13589624,1,,1.0,2,11.0,2,1,1,0
537,1,13590144,2,1.0,1.0,2,6.0,5,0,1,0
538,1,13595238,11,,3.0,5,4.0,4,1,1,0
539,1,13598893,3,,3.0,3,7.0,7,1,1,0
540,1,13600678,1,,3.0,3,4.0,1,1,2,1
541,1,13600798,2,5.0,1.0,2,11.0,3,0,1,0
542,1,13601556,1,,3.0,2,6.0,5,0,1,0
543,1,13602061,4,2.0,1.0,5,6.0,4,1,1,0
544,1,13602443,14,4.0,2.0,4,9.0,3,1,1,0
545,1,13606567,2,,1.0,6,7.0,6,1,1,0
546,1,13606838,1,2.0,3.0,2,5.0,3,0,1,0
547,1,13608198,9,1.0,3.0,2,11.0,1,1,1,0
548,1,13611464,1,,2.0,5,5.0,7,1,1,0
549,1,13612364,1,,3.0,5,8.0,7,1,1,0
550,1,13612811,1,2.0,2.0,4,10.0,7,1,1,1
551,1,13612996,3,,4.0,3,6.0,6,1,1,0
552,1,13614046,1,,3.0,1,3.0,2,0,1,0
553,1,13615795,11,1.0,3.0,3,8.0,6,1,1,0
554,1,13616259,2,,1.0,5,9.0,3,1,2,0
555,1,13616888,5,2.0,1.0,4,8.0,5,1,3,0
556,1,13618385,1,,3.0,2,10.0,5,1,1,0
557,1,13618696,1,,3.0,5,4.0,1,1,1,0
558,1,13618913,1,2.0,4.0,5,11.0,7,1,1,0
559,1,13621943,3,,3.0,4,9.0,7,1,1,0
560,1,13628285,1,,4.0,1,11.0,7,0,1,0
561,1,13628313,1,2.0,3.0,1,5.0,5,0,1,1
562,1,13629723,1,,4.0,6,6.0,7,1,1,0
563,1,13637936,13,,1.0,4,9.0,7,1,1,0
564,1,13639460,2,4.0,1.0,2,8.0,6,1,1,0
565,1,13639569,16,,1.0,4,11.0,2,1,1,0
566,1,13640963,2,2.0,3.0,4,4.0,5,1,3,0
567,1,13644802,1,4.0,1.0,6,5.0,6,1,1,0
568,1,13646592,2,2.0,2.0,2,9.0,3,0,1,0
569,1,13647016,1,,4.0,2,10.0,2,1,1,1
570,1,13650804,1,2.0,4.0,3,7.0,4,1,1,0
571,1,13652623,1,,3.0,3,8.0,7,1,1,0
572,1,13654086,1,,2.0,2,4.0,7,0,1,0
573,1,13655003,8,,1.0,2,5.0,3,0,1,1
574,1,13655913,1,2.0,3.0,2,10.0,4,0,1,0
575,1,13658504,6,,3.0,1,3.0,4,0,1,0
576,1,13661102,1,,1.0,3,6.0,6,1,1,0
577,1,13672186,2,,3.0,3,7.0,7,1,1,1
578,1,13672339,63,2.0,2.0,1,6.0,7,0,1,0
579,1,13672945,1,,2.0,3,7.0,7,1,1,0
580,1,13673352,5,,4.0,1,8.0,5,0,1,1
581,1,13673868,1,,1.0,4,6.0,7,1,1,1
582,1,13674761,1,,3.0,3,7.0,5,1,1,0
583,1,13674843,1,2.0,2.0,3,7.0,6,1,1,1
584,1,13682942,2,,1.0,5,11.0,6,1,1,1
585,1,13683146,2,,1.0,4,11.0,3,1,1,1
586,1,13683543,4,,2.0,3,7.0,6,1,1,1
587,1,13686442,1,,3.0,3,8.0,5,1,1,1
588,1,13686890,2,4.0,4.0,4,10.0,7,1,1,0
589,1,13687100,5,,3.0,2,5.0,7,1,1,0
590,1,13689904,1,5.0,2.0,2,7.0,6,1,1,1
591,1,13690751,2,,2.0,4,6.0,7,1,1,1
592,1,13694527,1,,3.0,3,9.0,7,1,1,1
593,1,13697690,2,,4.0,3,3.0,4,0,1,1
594,1,13698175,1,1.0,3.0,2,10.0,4,0,1,1
595,1,13700718,5,1.0,1.0,5,6.0,5,1,1,1
596,1,13702156,2,1.0,3.0,5,8.0,5,1,1,0
597,1,13704330,1,2.0,3.0,4,8.0,5,1,1,1
598,1,13705943,1,,3.0,3,6.0,7,1,1,1
599,1,13706003,3,,1.0,6,5.0,4,1,1,1
600,1,13711065,1,,2.0,4,6.0,5,1,1,1
601,1,13712114,2,,3.0,3,4.0,4,1,1,1
602,1,13715417,1,5.0,3.0,4,5.0,5,1,1,0
603,1,13716039,1,2.0,2.0,5,9.0,6,1,1,1
604,1,13716470,2,4.0,1.0,3,7.0,6,1,1,1
605,1,13719375,2,,1.0,3,8.0,7,1,1,1
606,1,13720910,2,,1.0,3,8.0,6,1,1,1
607,1,13727833,3,,1.0,4,6.0,7,1,1,1
608,1,13732726,1,,2.0,4,9.0,5,1,1,0
609,1,13737345,2,,1.0,4,10.0,7,1,1,1
610,1,13739742,1,,3.0,3,7.0,7,1,1,0
611,1,13740922,1,2.0,2.0,3,4.0,4,1,1,0
612,1,13741799,3,,4.0,5,6.0,5,1,1,0
613,1,13742137,4,,2.0,3,8.0,7,1,1,0
614,1,13742973,1,,3.0,6,10.0,6,1,1,0
615,1,13743400,7,,3.0,4,11.0,5,0,1,0
616,1,13744509,2,,3.0,5,5.0,6,1,1,0
617,1,13744908,5,4.0,1.0,4,9.0,5,1,1,0
618,1,13745193,1,,1.0,3,7.0,4,1,1,1
619,1,13746671,1,2.0,1.0,5,8.0,6,1,1,0
620,1,13747649,1,4.0,3.0,2,4.0,2,0,1,0
621,1,13749371,3,,1.0,4,7.0,7,1,1,0
622,1,13749844,1,,3.0,3,6.0,6,1,1,0
623,1,13755243,2,2.0,2.0,2,10.0,4,0,1,0
624,1,13755636,3,,1.0,3,8.0,7,1,1,0
625,1,13758129,19,,3.0,4,11.0,5,1,1,0
626,1,13758611,1,,1.0,1,4.0,4,0,1,0
627,1,13759697,2,,3.0,3,5.0,1,1,1,0
628,1,13763281,3,,1.0,3,5.0,5,1,1,0
629,1,13763413,2,2.0,3.0,4,7.0,7,1,1,0
630,1,13763851,4,,2.0,2,10.0,1,0,1,1
631,1,13768164,1,,4.0,2,9.0,7,1,1,0
632,1,13768329,2,,3.0,5,8.0,3,0,1,0
633,1,13769017,1,,3.0,2,6.0,1,1,1,0
634,1,13774087,8,,1.0,4,7.0,7,1,1,0
635,1,13774722,6,,1.0,5,3.0,6,0,1,0
636,1,13777854,2,,3.0,3,5.0,5,1,1,0
637,1,13778128,4,,3.0,5,4.0,3,1,1,1
638,1,13778757,7,,3.0,3,7.0,7,1,1,1
639,1,13779471,1,,3.0,3,6.0,7,1,1,0
640,1,13781920,1,,2.0,2,4.0,4,0,1,0
641,1,13783084,1,,1.0,5,11.0,1,1,1,1
642,1,13786095,4,4.0,2.0,4,11.0,3,1,1,0
643,1,13788721,13,,2.0,3,9.0,7,1,1,0
644,1,13788729,1,,2.0,4,7.0,5,1,1,0
645,1,13789636,1,,4.0,2,5.0,1,0,1,0
646,1,13792735,1,,4.0,2,5.0,5,0,1,0
647,1,13794751,4,,2.0,4,9.0,1,1,1,0
648,1,13796970,2,4.0,3.0,4,8.0,6,1,2,0
649,1,13801511,13,,3.0,2,11.0,4,0,1,0
650,1,13801687,2,,2.0,2,6.0,6,1,1,0
651,1,13812224,1,,3.0,1,6.0,5,0,1,0
652,1,13812381,4,,4.0,3,7.0,6,0,1,0
653,1,13813570,1,,4.0,2,11.0,1,0,1,0
654,1,13821301,1,,3.0,2,7.0,6,0,1,0
655,1,13823226,2,1.0,2.0,3,8.0,3,1,1,0
656,1,13823356,4,,3.0,2,4.0,1,0,1,0
657,1,13823543,10,,1.0,4,8.0,7,1,1,0
658,1,13827922,2,2.0,2.0,2,3.0,7,1,1,1
659,1,13833308,1,,2.0,2,5.0,4,0,1,0
660,1,13835728,4,,4.0,2,9.0,4,0,1,0
661,1,13838958,2,,1.0,3,8.0,3,1,1,0
662,1,13842068,1,5.0,3.0,2,6.0,3,0,1,0
663,1,13842680,3,,4.0,2,11.0,2,0,1,0
664,1,13843503,39,,2.0,3,5.0,4,1,1,0
665,1,13862497,1,,2.0,2,11.0,1,0,1,0
666,1,13874204,8,,4.0,3,8.0,7,1,1,0
667,1,13874459,1,,3.0,2,9.0,7,0,1,0
668,1,13875355,1,4.0,1.0,4,4.0,1,1,1,0
669,1,13877067,3,,1.0,3,6.0,5,1,1,0
670,1,13878564,1,,1.0,3,10.0,7,1,1,0
671,1,13881751,2,,3.0,3,7.0,7,1,1,0
672,1,13883618,1,1.0,3.0,4,5.0,7,1,1,1
673,1,13883962,2,,4.0,2,9.0,4,0,1,0
674,1,13895518,1,,3.0,3,8.0,6,1,1,0
675,1,13901033,1,2.0,4.0,5,7.0,1,1,1,1
676,1,13901839,1,,2.0,3,9.0,6,1,1,0
677,1,13903078,10,,4.0,5,2.0,4,1,1,0
678,1,13904269,1,,3.0,6,11.0,5,1,1,0
679,1,13904409,7,,4.0,3,3.0,4,1,1,0
680,1,13904869,6,4.0,3.0,6,6.0,3,1,1,0
681,1,13904948,3,,1.0,4,6.0,5,1,1,0
682,1,13905207,4,1.0,4.0,2,10.0,3,0,1,0
683,1,13905803,3,,3.0,1,7.0,4,0,1,0
684,1,13907633,21,,1.0,2,8.0,1,1,1,0
685,1,13912034,3,,4.0,2,5.0,4,0,1,0
686,1,13912888,4,,1.0,3,5.0,4,1,1,0
687,1,13925484,5,,2.0,1,7.0,5,0,1,0
688,1,13929100,1,,3.0,3,2.0,5,1,1,1
689,1,13930851,2,5.0,2.0,4,9.0,3,1,1,0
690,1,13936926,1,,4.0,2,7.0,5,0,1,0
691,1,13955308,3,,3.0,4,6.0,6,1,1,0
692,1,13955895,1,,1.0,2,11.0,3,0,1,0
693,1,13956320,1,,4.0,3,6.0,6,0,1,0
694,1,13956418,1,,1.0,5,6.0,7,1,1,0
695,1,13956968,5,,1.0,4,4.0,5,1,1,0
696,1,13959929,5,,4.0,2,11.0,1,0,1,0
697,1,13960807,2,2.0,2.0,2,8.0,5,0,1,1
698,1,13961420,1,2.0,3.0,6,7.0,7,1,1,0
699,1,13964070,4,,3.0,3,6.0,1,1,1,0
700,1,13969107,2,,2.0,2,11.0,4,1,1,0
701,1,13969192,1,5.0,1.0,3,11.0,5,1,1,0
702,1,13972486,1,,3.0,2,4.0,5,1,1,0
703,1,13974744,1,4.0,3.0,3,6.0,1,1,1,0
704,1,13974787,20,,2.0,2,3.0,5,1,1,0
705,1,13975223,1,,4.0,3,9.0,4,1,1,0
706,1,13975824,1,,2.0,2,2.0,2,0,1,0
707,1,13981032,1,2.0,1.0,2,6.0,5,0,1,0
708,1,13995137,7,,3.0,1,11.0,4,0,1,0
709,1,13997893,1,5.0,4.0,2,6.0,5,0,1,1
710,1,14003408,2,,1.0,2,4.0,1,0,1,1
711,1,14006068,1,,3.0,6,3.0,4,0,1,1
712,1,14010022,1,,2.0,2,8.0,3,0,1,0
713,1,14011832,2,,4.0,4,7.0,6,1,1,0
714,1,14012335,10,,4.0,5,5.0,3,0,1,0
715,1,14012340,1,,4.0,4,7.0,7,1,1,0
716,1,14012835,1,,1.0,2,7.0,1,0,1,0
717,1,14018190,1,,1.0,5,7.0,5,1,1,0
718,1,14018262,3,,1.0,2,3.0,6,1,1,1
719,1,14018841,3,,4.0,3,11.0,1,1,1,0
720,1,14019837,1,,1.0,2,5.0,5,0,1,0
721,1,14024916,3,,3.0,2,5.0,5,0,1,1
722,1,14053320,1,,3.0,3,7.0,2,1,1,0
723,1,14057241,4,,1.0,2,11.0,6,0,1,1
724,1,14062107,1,,3.0,2,5.0,3,1,1,0
725,1,14066789,1,,1.0,6,7.0,4,1,1,0
726,1,14068638,1,4.0,4.0,4,9.0,2,1,1,0
727,1,14070110,1,,3.0,2,11.0,7,1,1,0
728,1,14072585,1,1.0,1.0,2,8.0,3,1,1,0
729,1,14076438,12,,1.0,1,9.0,6,0,1,0
730,1,14078316,3,,1.0,3,9.0,1,1,1,0
731,1,14084680,2,,2.0,2,2.0,2,0,1,0
732,1,14086128,2,,3.0,5,6.0,4,1,1,0
733,1,14092793,3,,4.0,1,8.0,5,0,1,0
734,1,14095209,1,,3.0,2,5.0,7,0,1,0
735,1,14097705,2,,1.0,2,7.0,6,0,1,0
736,1,14098307,1,,3.0,4,6.0,5,0,1,0
737,1,14099336,3,,3.0,3,9.0,4,1,1,0
738,1,14100392,1,1.0,1.0,3,8.0,4,1,1,0
739,1,14103279,5,,3.0,2,11.0,5,0,1,1
740,1,14117018,1,,3.0,3,11.0,5,1,1,0
741,1,14123811,9,2.0,3.0,4,6.0,6,1,1,0
742,1,14131028,1,,1.0,4,10.0,2,1,2,0
743,1,14132780,1,,1.0,5,6.0,4,1,1,0
744,1,14132912,1,,3.0,6,8.0,1,1,1,1
745,1,14132959,3,1.0,2.0,2,9.0,1,0,1,0
746,1,14133666,2,,4.0,3,6.0,7,1,1,0
747,1,14137949,1,,1.0,2,2.0,3,1,1,0
748,1,14138820,12,,3.0,4,11.0,4,0,1,0
749,1,14141780,3,,1.0,6,5.0,5,1,1,0
750,1,14143301,2,,2.0,4,7.0,7,1,1,0
751,1,14145888,2,,1.0,2,11.0,5,0,1,0
752,1,14147935,1,,1.0,2,3.0,6,1,1,0
753,1,14153842,2,,1.0,3,10.0,3,1,1,1
754,1,14154306,4,,3.0,2,4.0,1,0,1,0
755,1,14154447,4,,2.0,3,6.0,2,1,1,0
756,1,14155490,4,,1.0,5,6.0,5,1,1,0
757,1,14157132,6,,3.0,4,6.0,5,1,1,0
758,1,14164180,1,,1.0,3,7.0,7,1,1,0
759,1,14172746,2,,3.0,3,7.0,4,1,1,0
760,1,14178328,1,,3.0,3,8.0,7,1,1,0
761,1,14179120,1,,1.0,3,6.0,2,0,1,0
762,1,14185908,1,,3.0,2,5.0,5,1,1,0
763,1,14187234,1,,4.0,2,6.0,2,0,1,0
764,1,14187859,1,,1.0,4,8.0,5,1,1,0
765,1,14192833,1,,3.0,2,4.0,6,1,1,0
766,1,14194311,1,,1.0,2,8.0,7,1,1,0
767,1,14195344,1,,1.0,2,8.0,5,0,1,0
768,1,14198496,1,,3.0,2,5.0,3,0,1,0
769,1,14204740,1,,4.0,6,6.0,7,1,1,0
770,1,14215342,1,,3.0,1,6.0,5,0,1,0
771,1,14217013,12,,2.0,2,3.0,4,0,1,0
772,1,14217173,3,,1.0,5,7.0,5,1,1,0
773,1,14219645,7,,3.0,4,11.0,7,1,1,0
774,1,14221447,6,4.0,1.0,3,3.0,1,0,1,1
775,1,14225358,1,,1.0,3,10.0,4,1,1,0
776,1,14228319,3,,4.0,2,8.0,1,0,1,1
777,1,14230174,1,,2.0,3,7.0,5,1,1,0
778,1,14230193,2,4.0,3.0,4,8.0,7,1,1,1
779,1,14233397,1,2.0,1.0,4,2.0,5,1,1,0
780,1,14237210,3,,2.0,3,6.0,7,1,1,0
781,1,14242556,1,,2.0,2,9.0,2,1,1,0
782,1,14244046,1,,1.0,5,9.0,7,1,1,0
783,1,14245835,1,,3.0,2,4.0,5,0,1,0
784,1,14247595,1,,3.0,2,11.0,5,0,1,0
785,1,14248171,3,,4.0,5,7.0,7,1,1,0
786,1,14250667,2,,1.0,2,7.0,7,0,1,0
787,1,14251015,6,,4.0,4,3.0,5,0,1,0
788,1,14251740,2,,4.0,3,7.0,7,1,1,0
789,1,14257933,1,,4.0,2,6.0,2,0,1,0
790,1,14262825,5,,4.0,5,11.0,3,1,1,1
791,1,14265282,2,,3.0,4,10.0,7,1,1,1
792,1,14270731,1,2.0,3.0,5,8.0,6,1,1,0
793,1,14274127,1,,3.0,6,8.0,6,1,1,0
794,1,14275452,2,4.0,2.0,2,9.0,5,0,1,0
795,1,14276485,1,,4.0,2,5.0,7,1,1,0
796,1,14285468,4,,4.0,3,8.0,7,1,1,0
797,1,14291789,4,,1.0,3,7.0,5,1,1,0
798,1,14293040,6,,4.0,2,11.0,6,0,1,0
799,1,14294636,1,,3.0,2,11.0,1,0,1,0
800,1,14294918,1,,2.0,5,4.0,1,1,1,0
801,1,14297707,1,,2.0,4,8.0,2,1,2,0
802,1,14298487,1,,4.0,2,11.0,6,0,1,0
803,1,14301111,7,,1.0,2,6.0,7,1,1,0
804,1,14301615,4,,2.0,5,5.0,5,1,1,0
805,1,14302722,1,,3.0,2,10.0,5,1,1,0
806,1,14304195,7,,3.0,2,2.0,1,1,1,1
807,1,14316904,5,,1.0,4,8.0,7,1,1,0
808,1,14317843,1,,4.0,2,5.0,7,0,1,0
809,1,14318542,2,,1.0,2,7.0,5,0,1,0
810,1,14318812,2,,3.0,3,3.0,4,0,1,0
811,1,14320068,1,,3.0,2,7.0,4,0,1,0
812,1,14321781,2,,4.0,3,8.0,5,1,2,1
813,1,14322037,3,,2.0,2,5.0,6,1,1,0
814,1,14322960,1,,3.0,2,2.0,1,1,1,0
815,1,14324779,1,,2.0,5,6.0,6,1,1,0
816,1,14326188,2,,1.0,2,3.0,1,0,1,0
817,1,14327542,1,,3.0,4,4.0,5,1,1,0
818,1,14328134,2,,3.0,4,4.0,7,1,1,0
819,1,14330913,1,,1.0,2,5.0,3,1,1,0
820,1,14342652,1,,1.0,4,10.0,3,1,1,0
821,1,14343848,4,,4.0,6,8.0,6,1,1,0
822,1,14347985,1,,4.0,2,8.0,4,0,1,0
823,1,14351059,6,,3.0,3,9.0,7,1,1,0
824,1,14353339,1,,1.0,2,3.0,1,0,1,0
825,1,14353341,21,,3.0,2,8.0,7,0,1,0
826,1,14357222,3,,3.0,4,6.0,4,1,2,0
827,1,14358491,1,,4.0,2,11.0,2,0,1,0
828,1,14360353,1,5.0,4.0,4,9.0,2,1,1,0
829,1,14360923,1,,3.0,2,6.0,5,1,1,1
830,1,14360997,1,,3.0,3,10.0,7,1,1,0
831,1,14361304,3,2.0,2.0,3,7.0,7,1,3,0
832,1,14361493,2,,4.0,2,4.0,4,1,1,0
833,1,14363325,1,,2.0,3,11.0,7,1,1,0
834,1,14364580,1,,3.0,5,7.0,7,1,1,0
835,1,14364757,1,,1.0,3,8.0,1,1,1,0
836,1,14366333,3,,3.0,3,10.0,5,1,1,1
837,1,14368022,3,,3.0,2,11.0,2,0,1,1
838,1,14369061,1,,1.0,5,4.0,4,0,1,0
839,1,14370119,1,,4.0,2,5.0,7,1,1,1
840,1,14370161,1,,2.0,5,5.0,6,1,1,1
841,1,14370809,1,,3.0,2,8.0,4,0,1,0
842,1,14371056,3,,3.0,2,6.0,7,1,1,0
843,1,14371925,4,,4.0,3,7.0,1,1,1,0
844,1,14374495,4,,2.0,5,6.0,7,1,1,0
845,1,14374817,9,,1.0,3,8.0,2,1,1,1
846,1,14375724,1,,2.0,1,5.0,1,0,1,0
847,1,14376090,6,,4.0,2,4.0,2,0,1,0
848,1,14378884,2,,4.0,3,9.0,4,1,1,0
849,1,14379475,2,,3.0,2,4.0,3,1,1,0
850,1,14380248,2,,2.0,3,4.0,1,1,1,1
851,1,14381504,2,,3.0,4,7.0,5,1,1,1
852,1,14382478,1,,4.0,4,7.0,7,1,1,0
853,1,14382702,3,,2.0,3,4.0,5,1,1,0
854,1,14383821,1,,2.0,2,4.0,6,0,1,0
855,1,14384575,1,,2.0,3,9.0,4,1,1,0
856,1,14385942,1,,1.0,4,8.0,7,1,1,0
857,1,14386439,4,,1.0,2,8.0,5,1,1,0
858,1,14386909,3,,4.0,3,11.0,1,1,3,0
859,1,14387077,1,,1.0,1,7.0,5,0,1,0
860,1,14387399,5,,3.0,2,5.0,3,0,1,1
861,1,14391031,1,,3.0,2,5.0,3,0,1,0
862,1,14391185,4,3.0,1.0,2,9.0,5,0,5,1
863,1,14391220,2,,1.0,5,6.0,6,1,1,0
864,1,14392126,2,,1.0,3,8.0,4,1,1,0
865,1,14398862,2,,1.0,4,4.0,1,0,1,0
866,1,14398953,1,,3.0,3,10.0,5,1,1,0
867,1,14400511,2,,1.0,2,9.0,7,0,1,1
868,1,14402927,3,,4.0,4,11.0,3,1,1,0
869,1,14405308,1,,2.0,3,10.0,7,1,1,1
870,1,14406045,2,1.0,2.0,4,6.0,3,1,1,0
871,1,14406581,31,1.0,2.0,3,11.0,5,0,1,0
872,1,14407063,1,2.0,4.0,2,4.0,5,0,1,1
873,1,14409877,2,,1.0,2,7.0,4,0,1,1
874,1,14410622,1,,1.0,4,10.0,5,1,1,0
875,1,14411252,1,,3.0,2,2.0,2,0,1,0
876,1,14411349,12,,3.0,4,6.0,5,1,1,0
877,1,14411385,29,1.0,1.0,2,6.0,1,0,1,0
878,1,14411457,3,,3.0,2,5.0,5,1,1,0
879,1,14411485,1,1.0,1.0,5,8.0,4,1,1,0
880,1,14411627,1,,1.0,2,5.0,5,1,1,0
881,1,14411746,2,,1.0,2,5.0,6,0,1,0
882,1,14412756,1,,2.0,1,4.0,5,0,1,0
883,1,14413342,1,,2.0,6,10.0,7,1,1,0
884,1,14413796,2,,4.0,2,7.0,6,0,1,1
885,1,14413830,1,,4.0,3,3.0,2,1,1,0
886,1,14415049,6,,2.0,4,9.0,7,0,1,0
887,1,14415182,10,,3.0,4,6.0,5,1,1,0
888,1,14415566,17,,1.0,2,11.0,1,1,1,1
889,1,14416774,4,,3.0,2,4.0,7,1,1,0
890,1,14417044,1,,1.0,3,3.0,1,1,1,1
891,1,14417168,1,,2.0,1,7.0,5,0,1,0
892,1,14417713,5,,4.0,2,8.0,7,0,1,0
893,1,14420968,2,,2.0,6,9.0,5,1,1,0
894,1,14421036,1,,3.0,3,10.0,6,1,1,0
895,1,14421038,4,,4.0,4,8.0,7,1,3,0
896,1,14421156,50,,4.0,2,7.0,7,0,1,0
897,1,14421204,8,,1.0,6,2.0,1,1,1,0
898,1,14422051,8,,3.0,1,3.0,1,0,1,0
899,1,14422550,2,,4.0,2,2.0,1,1,1,0
900,1,14422626,8,2.0,1.0,3,3.0,2,1,1,0
901,1,14422887,1,,2.0,5,11.0,1,1,1,0
902,1,14422896,1,,2.0,4,11.0,4,1,1,0
903,1,14423743,10,2.0,3.0,1,3.0,1,0,1,0
904,1,14423807,3,,2.0,4,4.0,6,1,1,0
905,1,14423998,10,,4.0,4,8.0,7,1,1,0
906,1,14424301,35,,2.0,2,8.0,5,1,1,0
907,1,14424930,1,,2.0,2,10.0,6,1,1,0
908,1,14426028,8,,1.0,5,6.0,5,1,1,0
909,1,14426369,11,,1.0,2,10.0,1,1,1,0
910,1,14427132,1,,2.0,2,10.0,2,1,1,0
911,1,14427214,1,,3.0,3,10.0,1,1,1,1
912,1,14428629,29,,1.0,4,5.0,5,1,1,0
913,1,14429556,2,,3.0,2,6.0,7,0,1,0
914,1,14431437,1,,3.0,2,4.0,4,0,1,0
915,1,14432843,5,,3.0,2,8.0,2,0,1,1
916,1,14433619,8,,4.0,3,7.0,3,1,1,0
917,1,14433877,2,,3.0,4,4.0,2,1,1,0
918,1,14434939,4,,1.0,4,4.0,7,1,1,0
919,1,14435212,2,,1.0,1,7.0,5,0,1,0
920,1,14435360,1,,4.0,4,6.0,4,1,1,0
921,1,14436303,1,,2.0,2,7.0,6,1,1,0
922,1,14436529,1,,1.0,2,8.0,6,1,1,1
923,1,14436544,1,,1.0,2,8.0,3,0,1,0
924,1,14440790,1,,3.0,2,11.0,3,0,1,0
925,1,14441670,1,,1.0,2,7.0,4,0,1,0
926,1,14441718,1,,1.0,4,8.0,3,1,1,0
927,1,14442116,4,,1.0,2,7.0,3,0,1,1
928,1,14442552,1,,1.0,2,11.0,7,0,2,1
929,1,14443891,7,,2.0,2,6.0,7,0,1,0
930,1,14444486,2,,1.0,4,9.0,3,1,1,0
931,1,14444607,5,,4.0,2,8.0,7,0,1,0
932,1,14445806,1,4.0,3.0,1,7.0,6,0,1,0
933,1,14448896,5,,1.0,4,11.0,3,0,2,1
934,1,14448937,6,2.0,2.0,2,7.0,6,0,1,0
935,1,14450549,9,1.0,1.0,2,8.0,3,0,1,1
936,1,14451452,4,1.0,1.0,2,11.0,7,0,1,0
937,1,14453906,2,,1.0,5,6.0,4,1,1,0
938,1,14455775,3,,3.0,3,11.0,1,1,1,0
939,1,14464285,18,,4.0,3,8.0,7,1,1,0
940,1,14468934,42,,3.0,6,7.0,6,1,1,0
941,1,14471089,2,,1.0,1,5.0,7,0,1,0
942,1,14471876,2,,1.0,2,5.0,5,1,1,0
943,1,14472095,1,,3.0,2,10.0,1,1,1,0
944,1,14473557,2,,3.0,2,9.0,7,0,1,0
945,1,14476344,4,,3.0,3,5.0,4,1,1,1
946,1,14476817,4,,3.0,4,5.0,7,1,1,0
947,1,14477091,5,,3.0,2,3.0,4,0,1,1
948,1,14477558,2,,3.0,5,7.0,5,1,1,0
949,1,14481627,2,,3.0,1,4.0,6,0,1,0
950,1,14486617,9,,1.0,2,5.0,3,0,1,0
951,1,14489861,1,,2.0,1,6.0,6,0,1,0
952,1,14496169,15,,2.0,3,8.0,6,1,1,0
953,1,14497939,3,,3.0,4,9.0,1,1,1,1
954,1,14498372,1,,1.0,2,7.0,7,0,1,0
955,1,14499374,1,,3.0,3,8.0,7,1,1,0
956,1,14501034,2,,1.0,4,7.0,6,1,1,1
957,1,14507038,2,,4.0,2,5.0,6,1,1,0
958,1,14507693,4,,1.0,3,5.0,5,1,1,1
959,1,14508210,2,,4.0,4,8.0,6,1,1,0
960,1,14509940,3,,3.0,2,10.0,5,0,1,0
961,1,14510347,1,,3.0,4,7.0,7,1,1,0
962,1,14510536,2,,2.0,3,4.0,3,1,1,0
963,1,14511363,1,2.0,2.0,2,4.0,1,1,1,0
964,1,14511668,3,2.0,2.0,3,8.0,6,1,1,0
965,1,14512267,14,,3.0,2,4.0,5,1,1,0
966,1,14512326,1,,4.0,5,6.0,5,1,1,1
967,1,14513431,1,,1.0,2,3.0,5,1,1,1
968,1,14513561,1,,3.0,2,6.0,3,1,1,0
969,1,14516697,1,,2.0,3,4.0,5,1,1,0
970,1,14519003,1,,4.0,1,5.0,6,0,1,0
971,1,14519980,1,,3.0,4,7.0,7,1,1,0
972,1,14520038,2,,1.0,4,7.0,7,1,1,1
973,1,14521078,1,,4.0,2,6.0,5,0,1,0
974,1,14522246,1,,3.0,6,10.0,7,1,1,0
975,1,14522799,1,,3.0,3,7.0,3,1,1,0
976,1,14523607,1,,4.0,3,6.0,7,1,1,0
977,1,14523822,1,,3.0,5,8.0,7,1,1,1
978,1,14524510,1,,2.0,4,9.0,7,1,1,0
979,1,14526161,1,,1.0,4,8.0,5,1,1,0
980,1,14526760,2,,2.0,4,8.0,6,1,1,0
981,1,14527030,1,,3.0,5,6.0,4,1,1,0
982,1,14527144,2,,3.0,3,6.0,6,1,1,0
983,1,14528071,1,,1.0,5,8.0,5,1,1,0
984,1,14528690,2,,3.0,2,8.0,6,0,3,0
985,1,14529232,3,,3.0,2,9.0,3,0,1,0
986,1,14529876,1,,3.0,3,6.0,3,1,1,0
987,1,14533147,14,,1.0,2,5.0,3,0,1,0
988,1,14534344,4,2.0,4.0,5,6.0,3,1,1,1
989,1,14536240,1,,3.0,2,7.0,1,1,2,0
990,1,14536954,2,,3.0,4,8.0,4,1,1,0
991,1,14537165,1,,4.0,4,5.0,2,1,1,1
992,1,14537463,7,,1.0,3,9.0,7,1,1,0
993,1,14538423,9,,4.0,2,8.0,5,0,1,0
994,1,14538708,8,,4.0,2,9.0,5,1,1,0
995,1,14538709,2,,2.0,4,6.0,6,1,1,0
996,1,14540092,43,2.0,2.0,3,7.0,7,1,1,0
997,1,14540585,2,,2.0,3,9.0,7,1,1,0
998,1,14540615,1,,1.0,3,5.0,1,1,1,0
999,1,14540860,1,,4.0,6,6.0,6,1,3,0
1000,1,14541616,1,,3.0,6,3.0,3,1,1,1
1001,1,14541915,4,,2.0,5,6.0,7,1,1,0
1002,1,14541952,3,,4.0,2,5.0,7,1,1,0
1003,1,14541953,1,,2.0,4,3.0,5,1,1,0
1004,1,14542131,1,,1.0,4,4.0,6,1,1,0
1005,1,14542224,3,,1.0,1,6.0,5,0,1,0
1006,1,14542810,1,,2.0,4,9.0,5,1,1,1
1007,1,14543629,1,,2.0,3,5.0,5,1,1,0
1008,1,14543656,6,,1.0,3,2.0,6,1,1,1
1009,1,14544136,3,,1.0,2,6.0,5,0,1,0
1010,1,14544185,1,4.0,4.0,6,8.0,2,1,3,0
1011,1,14544513,4,,3.0,3,8.0,3,1,1,0
1012,1,14544752,6,,2.0,4,6.0,1,1,1,0
1013,1,14544983,5,,3.0,3,9.0,5,1,1,0
1014,1,14545020,2,,1.0,2,7.0,4,0,1,0
1015,1,14546004,5,,2.0,5,9.0,1,1,2,1
1016,1,14546737,1,,3.0,4,11.0,1,1,1,0
1017,1,14546988,3,,2.0,2,5.0,1,0,1,0
1018,1,14547849,1,4.0,2.0,5,4.0,7,0,1,0
1019,1,14548019,2,,1.0,4,7.0,7,1,1,0
1020,1,14548938,3,,4.0,2,6.0,4,1,1,1
1021,1,14549265,1,4.0,1.0,5,6.0,3,1,1,0
1022,1,14549584,10,,3.0,3,4.0,5,1,1,0
1023,1,14549633,2,4.0,1.0,2,7.0,7,0,1,0
1024,1,14550304,1,,3.0,3,8.0,6,1,1,1
1025,1,14550354,9,,4.0,4,9.0,1,0,1,0
1026,1,14551023,1,5.0,4.0,3,11.0,1,1,1,0
1027,1,14551295,1,,2.0,2,4.0,7,0,1,0
1028,1,14552096,1,,3.0,3,6.0,5,1,1,1
1029,1,14552286,1,,4.0,2,4.0,5,1,1,1
1030,1,14553710,2,2.0,4.0,1,8.0,2,0,1,0
1031,1,14554070,9,,1.0,2,5.0,7,0,1,0
1032,1,14556107,1,,3.0,4,7.0,7,1,1,0
1033,1,14556455,1,,2.0,5,10.0,6,1,1,0
1034,1,14556935,1,5.0,4.0,1,6.0,5,0,1,1
1035,1,14556999,1,,1.0,5,9.0,7,1,1,0
1036,1,14557204,5,,3.0,3,11.0,7,1,1,0
1037,1,14557405,2,,1.0,5,6.0,7,1,1,0
1038,1,14557455,1,,1.0,2,10.0,7,0,1,0
1039,1,14557639,2,,4.0,2,11.0,4,0,1,0
1040,1,14558770,1,,1.0,5,6.0,5,1,1,0
1041,1,14559507,4,,1.0,2,6.0,3,0,1,0
1042,1,14559596,13,,4.0,2,10.0,5,1,1,0
1043,1,14560018,2,,3.0,2,7.0,5,1,1,0
1044,1,14560831,1,1.0,3.0,2,5.0,4,0,1,0
1045,1,14560934,1,,3.0,6,4.0,1,1,1,0
1046,1,14561320,1,,4.0,5,10.0,6,1,1,0
1047,1,14563734,1,,3.0,5,5.0,7,1,1,1
1048,1,14563861,1,,1.0,2,8.0,5,1,1,0
1049,1,14568273,3,,4.0,2,8.0,4,0,1,1
1050,1,14569042,1,1.0,2.0,4,7.0,6,1,1,0
1051,1,14569697,1,,2.0,2,10.0,6,1,1,0
1052,1,14570367,3,,1.0,3,9.0,5,1,1,0
1053,1,14572326,1,,2.0,4,7.0,5,1,1,0
1054,1,14573031,3,1.0,3.0,3,3.0,6,1,1,0
1055,1,14573280,1,,1.0,3,11.0,1,1,1,0
1056,1,14573358,2,,4.0,2,7.0,4,0,1,1
1057,1,14573427,1,,2.0,2,6.0,3,0,1,1
1058,1,14576008,16,,3.0,2,11.0,5,0,1,0
1059,1,14577814,1,2.0,4.0,3,4.0,5,1,1,1
1060,1,14578202,1,,4.0,3,8.0,6,1,1,0
1061,1,14578634,3,,1.0,3,9.0,7,1,1,0
1062,1,14578904,2,,3.0,3,10.0,4,1,1,0
1063,1,14579283,1,,3.0,4,7.0,6,1,1,0
1064,1,14579358,21,,3.0,6,9.0,5,1,1,0
1065,1,14580566,1,,3.0,5,6.0,4,1,1,0
1066,1,14580605,3,,4.0,4,4.0,7,1,1,0
1067,1,14580983,1,,1.0,4,3.0,7,1,1,0
1068,1,14581078,9,,2.0,4,6.0,7,1,2,1
1069,1,14581187,1,,3.0,4,8.0,1,1,1,1
1070,1,14581377,9,1.0,1.0,2,6.0,5,1,3,0
1071,1,14581517,1,,3.0,5,6.0,5,1,1,0
1072,1,14581602,1,,1.0,1,7.0,6,0,1,0
1073,1,14581934,1,,1.0,2,7.0,1,1,1,0
1074,1,14582286,9,,1.0,3,6.0,6,1,1,0
1075,1,14582304,5,,2.0,4,4.0,5,1,1,0
1076,1,14582893,3,,2.0,2,4.0,5,0,1,0
1077,1,14583407,2,,3.0,5,6.0,2,1,1,1
1078,1,14583482,4,,3.0,3,5.0,6,1,1,0
1079,1,14584037,4,,1.0,3,9.0,6,1,1,0
1080,1,14584305,2,,1.0,1,4.0,4,0,1,0
1081,1,14584414,6,,1.0,2,10.0,5,0,1,0
1082,1,14584848,1,,2.0,5,7.0,5,1,1,0
1083,1,14585055,1,,1.0,3,10.0,5,1,1,0
1084,1,14585073,1,,2.0,1,4.0,4,0,1,1
1085,1,14585094,1,,2.0,2,3.0,5,1,1,0
1086,1,14586722,1,,3.0,5,9.0,7,1,1,0
1087,1,14587761,1,,2.0,3,7.0,7,1,1,0
1088,1,14588795,1,2.0,2.0,2,4.0,3,0,1,1
1089,1,14589112,2,,2.0,3,8.0,1,1,1,1
1090,1,14589179,1,,3.0,2,6.0,6,0,1,0
1091,1,14590100,1,,4.0,5,6.0,6,1,1,0
1092,1,14590390,1,,4.0,2,4.0,1,0,1,0
1093,1,14591430,5,,4.0,6,10.0,7,1,1,0
1094,1,14592106,1,,4.0,2,11.0,6,0,1,0
1095,1,14592340,1,,1.0,4,7.0,4,1,2,0
1096,1,14592821,3,,2.0,2,5.0,4,0,1,0
1097,1,14592856,2,,4.0,4,6.0,6,1,1,0
1098,1,14592901,1,,4.0,3,6.0,7,1,1,0
1099,1,14593127,1,,2.0,6,4.0,4,1,1,0
1100,1,14593672,2,,1.0,5,8.0,4,1,1,0
1101,1,14594414,1,1.0,3.0,3,8.0,7,1,1,0
1102,1,14594732,1,,2.0,4,8.0,7,1,1,0
1103,1,14596347,3,,2.0,5,11.0,5,1,1,0
1104,1,14596708,1,,2.0,4,11.0,7,1,1,0
1105,1,14597397,4,2.0,4.0,4,8.0,1,1,1,1
1106,1,14598266,1,4.0,2.0,4,8.0,7,1,1,0
1107,1,14598351,1,,2.0,5,7.0,6,1,1,0
1108,1,14599226,1,,2.0,1,9.0,7,0,1,0
1109,1,14599972,2,,1.0,3,9.0,5,1,1,0
1110,1,14601065,2,2.0,1.0,3,7.0,7,1,1,1
1111,1,14601071,1,,3.0,6,5.0,7,1,1,0
1112,1,14601103,2,,2.0,6,11.0,3,1,1,1
1113,1,14601185,2,,1.0,5,6.0,7,1,1,0
1114,1,14601242,1,5.0,3.0,2,7.0,5,0,1,0
1115,1,14601304,3,,2.0,2,11.0,2,0,1,0
1116,1,14601483,3,,1.0,6,5.0,2,1,1,0
1117,1,14601856,3,,2.0,5,6.0,5,1,1,0
1118,1,14603450,5,,4.0,2,4.0,6,0,1,1
1119,1,14603463,2,,1.0,1,7.0,1,0,2,0
1120,1,14605098,2,2.0,2.0,5,7.0,7,1,1,0
1121,1,14605324,1,,4.0,4,8.0,7,1,1,0
1122,1,14607937,2,,1.0,2,4.0,1,1,1,1
1123,1,14608251,1,,3.0,2,4.0,6,0,1,1
1124,1,14608945,1,,3.0,4,6.0,1,0,1,0
1125,1,14609054,9,5.0,3.0,2,11.0,6,1,1,1
1126,1,14612043,4,4.0,2.0,5,8.0,7,1,1,0
1127,1,14614307,2,,3.0,2,11.0,2,0,1,1
1128,1,14615255,1,4.0,1.0,2,5.0,6,1,1,0
1129,1,14615280,1,,1.0,5,8.0,6,1,1,1
1130,1,14616040,1,,1.0,4,8.0,3,1,1,1
1131,1,14616208,2,,1.0,4,8.0,2,1,1,0
1132,1,14618236,2,,3.0,2,9.0,3,0,1,0
1133,1,14619136,1,,2.0,3,3.0,5,1,1,0
1134,1,14620219,1,,4.0,3,9.0,5,1,1,0
1135,1,14621077,33,4.0,1.0,4,7.0,6,1,1,0
1136,1,14621274,3,,3.0,3,2.0,2,1,1,0
1137,1,14621501,4,,1.0,2,6.0,3,0,1,0
1138,1,14622604,1,4.0,3.0,5,4.0,4,1,1,0
1139,1,14622852,2,,4.0,3,6.0,7,1,1,0
1140,1,14625647,1,,3.0,2,8.0,7,1,1,0
1141,1,14626094,2,,2.0,2,9.0,2,0,1,0
1142,1,14626684,2,1.0,1.0,2,6.0,7,0,1,0
1143,1,14627089,3,,2.0,1,11.0,2,0,1,0
1144,1,14627429,4,,1.0,2,11.0,7,0,1,0
1145,1,14627684,1,,2.0,5,6.0,3,1,1,0
1146,1,14627782,12,,2.0,5,9.0,5,1,1,0
1147,1,14627791,2,1.0,2.0,5,7.0,5,1,1,0
1148,1,14627867,1,,3.0,3,11.0,1,1,1,1
1149,1,14629131,1,,1.0,6,6.0,4,1,1,0
1150,1,14630192,2,,2.0,3,6.0,3,1,1,0
1151,1,14630526,2,,2.0,4,9.0,3,1,1,0
1152,1,14630596,14,,1.0,3,10.0,4,1,1,0
1153,1,14631143,2,,3.0,4,10.0,5,1,1,0
1154,1,14632094,2,,2.0,5,6.0,3,1,1,0
1155,1,14632191,2,2.0,2.0,5,8.0,7,1,1,0
1156,1,14632997,15,,2.0,3,3.0,2,1,1,1
1157,1,14633441,1,,1.0,3,9.0,7,1,1,0
1158,1,14635047,2,,3.0,4,7.0,6,1,1,0
1159,1,14636545,1,,1.0,2,10.0,6,0,1,0
1160,1,14636828,1,4.0,3.0,6,6.0,6,1,1,0
1161,1,14637372,5,,4.0,3,11.0,5,1,1,0
1162,1,14637466,2,,4.0,2,3.0,5,1,1,1
1163,1,14638663,1,,1.0,5,6.0,7,1,1,0
1164,1,14639244,1,,3.0,5,10.0,6,1,1,0
1165,1,14639373,6,,2.0,5,9.0,6,1,1,1
1166,1,14640272,6,,2.0,2,8.0,7,0,1,0
1167,1,14640374,1,,4.0,2,11.0,7,0,5,0
1168,1,14640422,2,,1.0,5,9.0,5,1,1,0
1169,1,14642064,2,,2.0,4,11.0,7,1,1,0
1170,1,14642301,2,4.0,2.0,4,5.0,5,1,1,0
1171,1,14643196,1,,2.0,2,11.0,4,1,1,0
1172,1,14643645,1,,3.0,4,10.0,3,1,1,0
1173,1,14644211,4,,2.0,3,7.0,6,1,1,0
1174,1,14644859,4,,2.0,3,7.0,6,1,1,0
1175,1,14644882,1,,2.0,5,7.0,2,1,1,0
1176,1,14645639,1,,2.0,2,3.0,4,1,1,0
1177,1,14647151,2,,2.0,2,8.0,4,1,1,0
1178,1,14649067,2,5.0,4.0,2,11.0,2,0,1,1
1179,1,14649163,8,,1.0,2,2.0,2,0,1,0
1180,1,14649229,1,5.0,4.0,2,8.0,5,1,1,1
1181,1,14650547,1,,1.0,2,7.0,7,1,1,0
1182,1,14650887,1,,2.0,3,4.0,5,1,1,0
1183,1,14652278,8,,4.0,4,8.0,4,1,1,0
1184,1,14652957,1,,1.0,2,10.0,7,1,1,0
1185,1,14653456,1,,3.0,5,1.0,7,1,1,0
1186,1,14654233,1,,3.0,4,6.0,6,1,1,0
1187,1,14655105,2,,3.0,6,8.0,7,1,1,0
1188,1,14656706,1,2.0,1.0,4,8.0,7,1,1,0
1189,1,14656873,2,,3.0,3,10.0,7,1,1,0
1190,1,14659616,3,,3.0,5,3.0,1,1,1,1
1191,1,14659750,2,1.0,2.0,2,5.0,5,1,1,0
1192,1,14659968,3,,1.0,5,6.0,1,1,1,0
1193,1,14664067,5,,1.0,2,6.0,5,0,1,0
1194,1,14665376,10,,4.0,2,5.0,1,0,1,0
1195,1,14665591,1,,1.0,4,9.0,6,1,1,0
1196,1,14666121,2,,3.0,2,11.0,1,0,1,0
1197,1,14666753,1,,2.0,4,6.0,6,1,1,0
1198,1,14667487,3,2.0,3.0,6,1.0,1,1,1,0
1199,1,14674012,5,,4.0,3,8.0,7,1,1,1
1200,1,14674981,1,,3.0,4,9.0,7,0,1,1
1201,1,14675597,1,,4.0,2,4.0,7,0,1,0
1202,1,14676266,1,,4.0,1,3.0,7,0,1,0
1203,1,14678741,6,,1.0,1,7.0,2,0,1,0
1204,1,14678746,1,,3.0,3,11.0,5,1,1,0
1205,1,14679464,1,,1.0,2,5.0,5,0,1,0
1206,1,14682331,1,1.0,2.0,6,8.0,5,1,1,0
1207,1,14683154,1,,1.0,4,7.0,1,1,1,1
1208,1,14686843,8,,4.0,5,8.0,7,1,1,0
1209,1,14689983,1,,3.0,3,7.0,2,1,1,0
1210,1,14691323,5,,2.0,3,11.0,5,1,1,0
1211,1,14691663,2,,2.0,2,7.0,5,0,1,0
1212,1,14693984,5,,3.0,4,7.0,5,1,5,1
1213,1,14693996,1,,3.0,4,3.0,3,1,1,0
1214,1,14694499,1,,3.0,3,6.0,7,1,1,0
1215,1,14703187,6,,1.0,3,5.0,7,1,1,0
1216,1,14703454,1,,3.0,4,4.0,6,0,1,0
1217,1,14703528,1,,2.0,6,8.0,7,1,1,0
1218,1,14705591,2,,1.0,2,5.0,5,0,1,0
1219,1,14707622,1,,1.0,4,8.0,7,1,1,0
1220,1,14711634,1,,3.0,2,8.0,1,1,1,0
1221,1,14714507,6,,1.0,1,7.0,7,0,1,0
1222,1,14718447,2,,2.0,4,9.0,6,1,1,0
1223,1,14727270,1,,1.0,3,10.0,7,1,1,0
1224,1,14727522,2,,2.0,3,2.0,3,0,1,0
1225,1,14729691,2,,1.0,3,6.0,6,1,1,0
1226,1,14732861,2,,3.0,4,9.0,7,1,1,0
1227,1,14734748,1,2.0,2.0,4,8.0,7,1,1,0
1228,1,14739676,1,,4.0,3,5.0,4,1,1,0
1229,1,14742579,3,1.0,3.0,3,5.0,5,1,1,0
1230,1,14745162,6,,4.0,2,9.0,5,0,1,0
1231,1,14746141,1,,4.0,2,3.0,1,0,1,0
1232,1,14753195,1,,3.0,3,8.0,4,1,1,0
1233,1,14756462,2,,1.0,4,3.0,2,1,1,0
1234,1,14757362,1,,4.0,3,9.0,5,1,1,0
1235,1,14758017,1,1.0,1.0,2,8.0,7,0,1,0
1236,1,14762114,3,,3.0,3,7.0,6,1,1,0
1237,1,14765820,3,,2.0,3,4.0,3,1,1,0
1238,1,14767264,1,,1.0,3,9.0,5,1,1,0
1239,1,14772090,2,,2.0,1,9.0,5,0,1,0
1240,1,14774735,1,,3.0,2,6.0,7,1,1,0
1241,1,14775413,1,,2.0,2,8.0,5,0,1,0
1242,1,14777298,2,,3.0,5,10.0,7,1,1,0
1243,1,14777748,1,,2.0,3,3.0,1,0,1,0
1244,1,14782603,1,,1.0,5,4.0,2,1,1,0
1245,1,14783260,1,,3.0,2,5.0,3,1,1,0
1246,1,14783697,1,,4.0,3,4.0,7,1,1,0
1247,1,14789204,2,,4.0,5,6.0,5,1,1,0
1248,1,14790068,1,2.0,2.0,2,7.0,7,1,1,1
1249,1,14792891,1,2.0,4.0,2,3.0,3,0,1,0
1250,1,14795768,15,,4.0,2,4.0,5,0,1,1
1251,1,14796973,3,,1.0,2,3.0,3,0,1,0
1252,1,14799955,2,,1.0,4,9.0,6,1,1,0
1253,1,14802785,4,,2.0,2,9.0,6,1,1,0
1254,1,14804444,1,,1.0,1,6.0,3,0,1,0
1255,1,14810118,1,,3.0,2,6.0,1,0,2,0
1256,1,14810363,1,,1.0,3,11.0,6,1,1,0
1257,1,14815108,3,1.0,4.0,3,8.0,7,1,1,0
1258,1,14816437,2,1.0,3.0,2,11.0,3,0,1,0
1259,1,14821754,1,,1.0,5,11.0,6,1,1,0
1260,1,14821967,1,,3.0,2,6.0,5,1,1,0
1261,1,14823903,3,,3.0,5,7.0,7,1,1,0
1262,1,14825371,28,,4.0,3,8.0,4,1,1,0
1263,1,14825873,4,,3.0,2,4.0,2,0,1,0
1264,1,14826322,6,,1.0,1,6.0,3,0,1,0
1265,1,14827534,46,,3.0,3,11.0,5,1,1,0
1266,1,14828802,1,,2.0,2,7.0,1,1,1,0
1267,1,14830820,8,,4.0,4,6.0,1,1,1,0
1268,1,14831209,1,,1.0,4,6.0,6,1,1,1
1269,1,14831712,1,,2.0,4,9.0,7,1,1,0
1270,1,14832262,1,,3.0,5,10.0,1,1,1,0
1271,1,14835098,2,,4.0,5,6.0,4,1,1,1
1272,1,14836483,4,,4.0,2,7.0,7,1,1,0
1273,1,14836643,1,,4.0,3,11.0,7,1,1,0
1274,1,14837828,11,,2.0,4,7.0,7,1,1,0
1275,1,14840222,2,,2.0,2,11.0,4,1,1,0
1276,1,14842189,2,2.0,4.0,2,6.0,2,0,1,1
1277,1,14846250,2,1.0,1.0,3,7.0,6,1,1,0
1278,1,14853300,4,,3.0,5,6.0,3,0,1,1
1279,1,14854328,1,,3.0,3,9.0,6,1,1,0
1280,1,14854756,1,,4.0,4,11.0,1,1,1,0
1281,1,14856019,1,,4.0,4,7.0,7,1,1,0
1282,1,14856817,3,,1.0,2,6.0,4,1,1,0
1283,1,14862118,1,4.0,4.0,3,4.0,4,1,1,0
1284,1,14871929,1,,1.0,2,7.0,5,0,1,0
1285,1,14873863,1,,1.0,5,7.0,5,1,1,0
1286,1,14874521,1,,1.0,3,9.0,6,1,1,0
1287,1,14876479,2,,3.0,3,3.0,1,1,1,0
1288,1,14877462,2,,3.0,6,5.0,5,1,1,1
1289,1,14880337,17,,2.0,3,9.0,5,1,1,1
1290,1,14889288,56,,4.0,2,6.0,4,0,1,0
1291,1,14889936,1,,3.0,3,11.0,2,1,1,0
1292,1,14895051,9,,4.0,2,9.0,7,0,1,0
1293,1,14895791,3,,1.0,4,9.0,5,1,1,0
1294,1,14896850,1,,3.0,2,4.0,3,0,1,1
1295,1,14897813,1,,4.0,4,5.0,4,1,1,0
1296,1,14898251,8,,4.0,3,10.0,1,1,1,0
1297,1,14898473,2,4.0,1.0,6,11.0,5,1,1,0
1298,1,14899492,1,,3.0,4,6.0,6,1,1,0
1299,1,14901115,1,,2.0,3,8.0,6,1,1,0
1300,1,14901543,2,2.0,2.0,2,5.0,3,1,1,0
1301,1,14901600,6,,4.0,3,5.0,7,1,1,0
1302,1,14902409,1,,2.0,6,9.0,6,1,1,1
1303,1,14902552,1,,2.0,2,11.0,3,1,1,0
1304,1,14906216,1,,4.0,3,9.0,7,1,1,0
1305,1,14909153,1,2.0,4.0,2,8.0,7,1,1,0
1306,1,14909447,1,,3.0,3,7.0,7,1,1,0
1307,1,14913355,1,,3.0,4,7.0,7,1,1,0
1308,1,14913665,1,,1.0,2,6.0,5,1,1,0
1309,1,14919680,5,,4.0,2,7.0,7,0,3,0
1310,1,14919759,5,,4.0,1,4.0,6,0,1,0
1311,1,14919770,1,4.0,1.0,3,7.0,6,1,1,0
1312,1,14919786,7,2.0,3.0,4,8.0,1,1,1,0
1313,1,14922410,2,,1.0,2,6.0,1,1,1,0
1314,1,14924813,2,,2.0,5,6.0,2,1,1,0
1315,1,14925172,24,,3.0,4,7.0,5,1,1,0
1316,1,14927770,2,,1.0,2,11.0,6,0,1,0
1317,1,14929481,1,,2.0,3,4.0,1,1,1,0
1318,1,14945791,3,,4.0,2,11.0,3,1,1,0
1319,1,14947985,3,,4.0,2,11.0,1,0,1,0
1320,1,14948437,1,,4.0,3,5.0,7,1,1,0
1321,1,14949000,1,,1.0,2,4.0,4,0,1,0
1322,1,14949187,7,,2.0,2,8.0,6,1,1,0
1323,1,14949231,2,,2.0,2,9.0,6,0,1,0
1324,1,14950094,2,,4.0,1,11.0,1,0,1,0
1325,1,14952591,1,,2.0,3,9.0,6,1,1,0
1326,1,14953674,3,,3.0,2,6.0,5,1,1,0
1327,1,14954071,5,,4.0,4,9.0,6,1,1,0
1328,1,14955075,1,,2.0,2,4.0,1,0,1,0
1329,1,14955321,4,,4.0,3,8.0,5,1,1,0
1330,1,14957692,2,4.0,1.0,3,9.0,6,1,1,1
1331,1,14957983,32,,3.0,3,5.0,6,0,1,0
1332,1,14962875,1,,4.0,3,3.0,5,1,1,1
1333,1,14964030,28,,4.0,4,7.0,6,0,1,0
1334,1,14976275,1,2.0,1.0,5,11.0,4,1,1,0
1335,1,14976537,6,,3.0,4,6.0,7,1,1,0
1336,1,14980305,2,,1.0,4,11.0,2,1,1,0
1337,1,14980564,1,,1.0,3,4.0,7,1,1,0
1338,1,14984419,4,,3.0,3,4.0,2,1,1,1
1339,1,14985687,1,,3.0,4,5.0,6,1,1,0
1340,1,14986156,3,,3.0,2,6.0,7,0,1,0
1341,1,14987578,3,,1.0,3,9.0,5,1,1,0
1342,1,14990574,1,,1.0,2,6.0,3,0,1,0
1343,1,14990790,3,,3.0,4,7.0,7,1,1,0
1344,1,14991933,5,,3.0,2,5.0,7,0,1,0
1345,1,14992420,2,4.0,2.0,6,8.0,6,1,1,0
1346,1,14992484,1,,3.0,3,6.0,5,1,1,0
1347,1,14997346,4,,3.0,2,8.0,6,0,1,0
1348,1,14999076,2,,1.0,3,11.0,2,1,1,0
1349,1,15005685,2,,1.0,1,5.0,3,0,1,1
1350,1,15007844,1,,2.0,2,6.0,4,1,1,0
1351,1,15009639,9,5.0,3.0,3,8.0,7,1,1,0
1352,1,15009641,2,,3.0,5,5.0,5,0,1,0
1353,1,15009797,1,,4.0,3,10.0,6,1,1,0
1354,1,15010385,2,,3.0,2,4.0,4,0,1,0
1355,1,15011799,1,,2.0,3,8.0,4,1,1,0
1356,1,15012227,2,,3.0,1,5.0,1,0,1,0
1357,1,15012493,1,,1.0,2,8.0,7,0,1,0
1358,1,15014720,3,,3.0,3,8.0,6,1,1,1
1359,1,15015450,10,,3.0,4,6.0,5,0,1,0
1360,1,15016124,1,,3.0,2,4.0,3,1,1,0
1361,1,15020223,5,5.0,1.0,2,8.0,4,0,1,1
1362,1,15021398,1,,4.0,4,4.0,7,1,1,0
1363,1,15022167,2,4.0,3.0,5,6.0,5,1,1,0
1364,1,15026530,58,,2.0,3,6.0,6,0,1,0
1365,1,15026564,1,,1.0,2,4.0,3,1,1,0
1366,1,15028233,1,,3.0,4,4.0,7,1,1,0
1367,1,15032234,1,,2.0,4,7.0,6,1,1,0
1368,1,15033420,1,,1.0,2,4.0,6,0,1,0
1369,1,15034058,1,,1.0,4,5.0,6,1,1,0
1370,1,15034776,3,,3.0,4,7.0,7,1,1,0
1371,1,15036569,1,,4.0,1,5.0,7,0,1,1
1372,1,15037127,1,,3.0,3,8.0,6,1,1,0
1373,1,15039133,8,,1.0,1,5.0,6,0,1,0
1374,1,15041510,1,,2.0,3,6.0,7,1,1,1
1375,1,15041932,1,,3.0,6,5.0,7,1,1,1
1376,1,15050033,7,,1.0,3,7.0,5,1,1,0
1377,1,15050085,6,1.0,1.0,3,7.0,7,1,1,0
1378,1,15051798,4,,1.0,3,6.0,6,1,1,1
1379,1,15051991,1,4.0,1.0,6,8.0,6,1,1,0
1380,1,15053014,1,,3.0,3,4.0,6,1,1,0
1381,1,15053417,8,,1.0,2,4.0,1,1,1,0
1382,1,15053946,1,,3.0,4,5.0,7,1,1,0
1383,1,15054076,2,,1.0,3,8.0,4,1,1,0
1384,1,15054830,3,,3.0,5,6.0,7,1,1,0
1385,1,15055777,3,4.0,4.0,3,6.0,5,1,1,0
1386,1,15057275,1,,1.0,3,7.0,5,1,1,0
1387,1,15060979,21,1.0,2.0,4,7.0,6,1,1,0
1388,1,15061684,1,,1.0,4,7.0,6,1,1,0
1389,1,15063029,1,,1.0,1,5.0,7,0,1,0
1390,1,15064014,1,,4.0,3,9.0,7,1,1,0
1391,1,15065120,1,,3.0,4,5.0,6,0,1,0
1392,1,15066333,4,1.0,1.0,4,8.0,6,1,1,0
1393,1,15069718,7,,2.0,2,6.0,5,1,1,1
1394,1,15070740,1,,2.0,4,6.0,4,1,1,0
1395,1,15071991,2,,1.0,2,5.0,7,0,1,0
1396,1,15072022,1,,3.0,4,8.0,6,1,1,0
1397,1,15072055,5,4.0,4.0,3,7.0,3,1,1,0
1398,1,15073180,1,,3.0,2,5.0,5,1,1,0
1399,1,15073819,1,,3.0,3,9.0,3,1,2,0
1400,1,15075420,3,,3.0,6,5.0,7,1,1,0
1401,1,15076329,1,2.0,3.0,5,5.0,6,1,1,0
1402,1,15079621,21,,4.0,3,9.0,5,1,1,0
1403,1,15082071,1,,2.0,6,5.0,5,1,1,0
1404,1,15082673,6,,2.0,4,11.0,5,1,1,0
1405,1,15085456,4,,3.0,3,8.0,3,0,1,0
1406,1,15086795,1,,4.0,3,5.0,6,1,1,0
1407,1,15087307,2,,2.0,3,7.0,7,1,1,0
1408,1,15090549,12,,1.0,3,6.0,1,1,1,0
1409,1,15094009,1,,2.0,4,9.0,6,0,1,0
1410,1,15096400,1,,1.0,2,6.0,7,1,1,0
1411,1,15098640,2,2.0,1.0,4,3.0,5,1,1,0
1412,1,15102303,1,4.0,3.0,2,5.0,6,0,1,0
1413,1,15103820,19,,4.0,4,11.0,2,1,1,0
1414,1,15107485,1,,2.0,2,4.0,1,1,1,0
1415,1,15107650,2,2.0,4.0,4,6.0,4,1,3,0
1416,1,15110214,2,,1.0,5,9.0,4,1,1,0
1417,1,15110982,3,1.0,3.0,4,4.0,7,1,1,0
1418,1,15195214,1,4.0,1.0,2,8.0,1,0,1,0
1419,1,15195529,1,,3.0,4,6.0,4,1,1,0
1420,1,15196824,1,,1.0,4,9.0,7,1,1,1
1421,1,15196982,1,,1.0,5,9.0,7,1,1,0
1422,1,15197092,1,,1.0,4,9.0,5,1,1,0
1423,1,15197136,3,,1.0,3,7.0,2,1,1,0
1424,1,15198943,17,,1.0,2,11.0,4,0,1,0
1425,1,15199618,2,,3.0,2,4.0,5,1,1,0
1426,1,15200371,2,4.0,1.0,4,9.0,4,1,1,0
1427,1,15200750,1,1.0,3.0,3,4.0,5,1,1,0
1428,1,15202087,4,,3.0,4,5.0,5,1,1,0
1429,1,15202147,1,,3.0,2,7.0,7,1,1,0
1430,1,15203009,6,5.0,4.0,5,8.0,2,1,1,1
1431,1,15203866,2,,1.0,2,10.0,1,0,1,0
1432,1,15205005,1,,1.0,3,7.0,6,1,1,0
1433,1,15206928,30,,4.0,5,6.0,5,1,1,0
1434,1,15212871,3,,3.0,5,4.0,5,1,1,0
1435,1,15213677,1,,1.0,3,8.0,5,1,1,0
1436,1,15214040,7,,3.0,2,11.0,3,0,1,0
1437,1,15215040,3,,4.0,2,2.0,6,1,1,0
1438,1,15216034,2,,1.0,4,11.0,5,1,1,0
1439,1,15216134,1,,4.0,2,4.0,3,1,1,0
1440,1,15219685,12,,4.0,4,7.0,5,1,1,0
1441,1,15220711,3,,2.0,5,9.0,7,1,1,0
1442,1,15222702,2,,2.0,2,9.0,5,1,1,0
1443,1,15223109,4,,1.0,2,6.0,4,0,1,0
1444,1,15224389,2,,3.0,1,11.0,5,0,1,0
1445,1,15225345,4,,1.0,4,2.0,2,1,2,0
1446,1,15229067,1,,2.0,1,2.0,3,0,1,0
1447,1,15230731,1,,3.0,2,7.0,6,0,1,0
1448,1,15231805,3,4.0,2.0,4,7.0,5,1,1,0
1449,1,15232748,2,,1.0,4,6.0,5,1,1,0
1450,1,15235677,2,,1.0,2,11.0,5,1,1,0
1451,1,15235910,1,,2.0,2,9.0,7,1,1,0
1452,1,15236259,5,,1.0,4,8.0,5,1,1,0
1453,1,15237282,4,,4.0,4,6.0,5,1,1,0
1454,1,15241077,6,,4.0,2,6.0,6,1,1,0
1455,1,15241188,3,,2.0,3,6.0,5,1,1,0
1456,1,15242562,3,,2.0,3,6.0,5,1,1,0
1457,1,15243464,1,,4.0,2,9.0,4,1,1,0
1458,1,15247036,1,1.0,1.0,2,5.0,1,1,2,0
1459,1,15248209,2,,2.0,4,4.0,7,0,1,0
1460,1,15257683,1,,3.0,3,3.0,5,1,1,0
1461,1,15257998,1,5.0,4.0,2,4.0,3,1,3,0
1462,1,15259878,2,,4.0,1,11.0,1,0,1,0
1463,1,15259931,1,,3.0,3,5.0,4,1,1,0
1464,1,15261203,1,4.0,3.0,5,8.0,7,1,1,0
1465,1,15263855,8,4.0,1.0,4,11.0,6,1,1,0
1466,1,15263899,2,,4.0,3,9.0,6,1,1,0
1467,1,15264631,7,,2.0,2,4.0,4,0,1,0
1468,1,15264708,1,2.0,2.0,1,3.0,4,0,1,0
1469,1,15267352,1,,3.0,6,11.0,5,1,1,0
1470,1,15270559,5,1.0,3.0,2,6.0,6,1,1,0
1471,1,15270987,9,1.0,4.0,3,9.0,6,1,1,0
1472,1,15271078,1,2.0,4.0,3,7.0,6,1,1,0
1473,1,15272193,4,2.0,3.0,3,5.0,5,1,1,0
1474,1,15273412,1,2.0,4.0,3,6.0,6,1,1,0
1475,1,15274470,3,5.0,4.0,6,11.0,4,1,1,1
1476,1,15277503,9,,2.0,2,7.0,7,1,1,0
1477,1,15281853,11,,1.0,3,4.0,5,1,1,0
1478,1,15282184,1,,1.0,2,4.0,3,0,1,0
1479,1,15285675,1,4.0,4.0,5,8.0,7,1,1,0
1480,1,15288975,1,,4.0,3,6.0,5,0,1,0
1481,1,15289614,6,2.0,1.0,4,6.0,6,1,1,0
1482,1,15291901,1,,3.0,2,6.0,7,0,1,0
1483,1,15293473,1,4.0,3.0,2,5.0,4,1,1,1
1484,1,15293767,2,2.0,3.0,2,10.0,4,0,1,0
1485,1,15296960,1,,1.0,4,5.0,5,1,1,0
1486,1,15297405,1,,2.0,2,8.0,5,0,1,0
1487,1,15298350,3,,3.0,2,8.0,6,0,1,0
1488,1,15298713,6,,3.0,2,7.0,1,1,1,0
1489,1,15303607,3,,3.0,5,7.0,5,1,1,0
1490,1,15307176,20,1.0,1.0,3,8.0,7,1,1,0
1491,1,15307740,1,4.0,4.0,5,8.0,7,1,1,0
1492,1,15312514,2,,1.0,2,6.0,1,0,1,0
1493,1,15312515,2,,2.0,2,6.0,5,1,1,0
1494,1,15314452,1,,1.0,2,7.0,4,0,1,0
1495,1,15314597,2,,1.0,1,7.0,5,0,2,0
1496,1,15317326,3,,3.0,5,8.0,1,1,1,0
1497,1,15320772,2,4.0,1.0,2,7.0,6,0,1,0
1498,1,15322086,1,,4.0,3,3.0,5,1,1,0
1499,1,15322794,2,,4.0,5,4.0,1,1,1,0
1500,1,15324602,2,5.0,3.0,3,11.0,7,1,1,0
1501,1,15325092,2,,2.0,2,4.0,4,0,1,1
1502,1,15327777,4,,3.0,2,6.0,3,1,1,0
1503,1,15327778,5,5.0,1.0,2,6.0,1,0,1,1
1504,1,15328469,4,,1.0,1,5.0,6,0,1,1
1505,1,15328942,2,,2.0,2,6.0,1,0,1,0
1506,1,15329132,2,,4.0,4,5.0,7,1,1,0
1507,1,15329874,1,,2.0,2,2.0,2,0,1,0
1508,1,15333009,1,,1.0,3,6.0,5,1,1,0
1509,1,15334380,9,,3.0,4,6.0,4,1,1,0
1510,1,15334626,3,1.0,4.0,2,10.0,7,0,1,0
1511,1,15336973,1,,1.0,2,4.0,5,0,1,0
1512,1,15341111,2,,3.0,5,9.0,6,1,1,0
1513,1,15341360,1,4.0,2.0,5,7.0,7,1,1,0
1514,1,15346137,7,,4.0,3,3.0,4,1,1,0
1515,1,15346472,6,,1.0,3,9.0,4,1,1,0
1516,1,15347014,35,,1.0,2,11.0,5,1,1,0
1517,1,15347388,5,,2.0,4,8.0,7,0,1,0
1518,1,15351976,1,1.0,1.0,1,6.0,4,0,1,0
1519,1,15355370,3,1.0,1.0,3,4.0,5,1,1,0
1520,1,15356912,5,2.0,3.0,5,6.0,4,1,1,1
1521,1,15356919,1,,3.0,4,8.0,4,1,1,0
1522,1,15357130,5,4.0,1.0,2,7.0,7,0,3,0
1523,1,15359230,1,,4.0,4,4.0,5,1,1,0
1524,1,15362081,6,1.0,1.0,3,11.0,1,1,1,0
1525,1,15372469,16,,1.0,4,7.0,7,1,1,0
1526,1,15376898,2,,3.0,2,6.0,4,1,1,0
1527,1,15377387,8,,2.0,4,7.0,5,1,1,0
1528,1,15378662,1,,3.0,3,10.0,2,1,1,0
1529,1,15378907,1,,2.0,2,11.0,1,0,1,0
1530,1,15378953,1,,4.0,2,5.0,4,0,1,0
1531,1,15382065,2,,3.0,3,9.0,6,1,1,0
1532,1,15385819,1,,3.0,1,11.0,7,0,1,0
1533,1,15386896,6,2.0,2.0,4,7.0,2,0,1,0
1534,1,15388955,12,4.0,3.0,3,7.0,5,1,1,0
1535,1,15393506,12,1.0,2.0,3,6.0,3,1,1,0
1536,1,15394510,1,1.0,1.0,5,6.0,6,1,1,0
1537,1,15394856,2,2.0,2.0,3,6.0,1,1,1,0
1538,1,15398940,2,,2.0,3,6.0,5,1,1,0
1539,1,15399039,8,,4.0,2,3.0,4,0,1,0
1540,1,15399226,1,1.0,1.0,1,4.0,4,0,1,0
1541,1,15401867,3,2.0,4.0,4,8.0,7,1,1,0
1542,1,15402805,4,2.0,3.0,4,6.0,1,1,1,0
1543,1,15403398,4,,2.0,4,5.0,6,1,1,0
1544,1,15404024,1,1.0,1.0,5,6.0,4,1,1,0
1545,1,15409849,1,1.0,3.0,1,4.0,2,0,1,0
1546,1,15410303,1,,3.0,3,7.0,3,1,2,0
1547,1,15411506,3,,3.0,5,8.0,7,1,1,0
1548,1,15412652,1,2.0,4.0,4,6.0,5,0,1,0
1549,1,15414768,1,,2.0,1,6.0,4,0,1,0
1550,1,15414954,3,,4.0,3,6.0,4,0,1,0
1551,1,15415234,1,2.0,3.0,6,6.0,5,1,1,0
1552,1,15415515,2,2.0,3.0,1,6.0,1,0,1,0
1553,1,15416597,3,,3.0,3,10.0,4,1,1,0
1554,1,15417162,1,1.0,1.0,5,10.0,7,1,1,0
1555,1,15420133,9,4.0,2.0,6,9.0,5,1,1,0
1556,1,15421048,2,2.0,3.0,3,5.0,2,1,1,0
1557,1,15421719,2,,4.0,2,5.0,5,1,1,1
1558,1,15422558,1,,1.0,2,7.0,1,1,1,0
1559,1,15424783,4,2.0,4.0,2,9.0,3,0,1,0
1560,1,15424834,1,2.0,4.0,2,11.0,5,1,1,1
1561,1,15427011,9,,3.0,4,6.0,5,1,1,0
1562,1,15427840,1,1.0,4.0,2,6.0,7,0,1,0
1563,1,15427844,1,2.0,1.0,4,8.0,2,1,1,0
1564,1,15430854,1,5.0,4.0,2,10.0,2,0,1,0
1565,1,15432255,2,,3.0,4,11.0,4,1,1,0
1566,1,15432873,1,,2.0,3,4.0,1,1,1,0
1567,1,15433339,1,2.0,1.0,2,7.0,1,0,1,0
1568,1,15436086,7,4.0,2.0,5,7.0,7,1,1,0
1569,1,15441287,2,2.0,1.0,5,10.0,7,1,1,0
1570,1,15446963,1,5.0,3.0,2,6.0,5,1,1,1
1571,1,15452993,1,,3.0,6,9.0,1,1,1,0
1572,1,15453437,1,,,2,7.0,2,0,1,0
1573,1,15454691,1,,3.0,4,9.0,4,0,1,0
1574,1,15456466,2,2.0,4.0,2,6.0,6,0,1,0
1575,1,15456907,1,2.0,3.0,3,6.0,5,1,2,0
1576,1,15462184,1,,4.0,6,8.0,7,1,1,0
1577,1,15463705,12,1.0,4.0,1,8.0,5,0,1,0
1578,1,15464133,1,,3.0,2,8.0,5,0,1,0
1579,1,15465286,7,4.0,2.0,5,11.0,2,1,1,0
1580,1,15467685,1,1.0,4.0,6,7.0,6,1,1,0
1581,1,15469293,1,2.0,4.0,6,9.0,4,1,1,0
1582,1,15470706,2,1.0,3.0,3,7.0,7,1,1,0
1583,1,15473129,2,,3.0,5,11.0,5,1,2,0
1584,1,15473764,1,4.0,2.0,4,7.0,4,1,1,0
1585,1,15475276,3,5.0,3.0,2,9.0,4,0,1,1
1586,1,15476690,7,2.0,1.0,2,3.0,1,0,2,0
1587,1,15477401,3,4.0,3.0,4,6.0,6,1,1,0
1588,1,15477642,6,4.0,3.0,4,7.0,6,1,1,0
1589,1,15479400,3,,4.0,2,8.0,7,0,1,1
1590,1,15479901,2,2.0,2.0,5,4.0,3,1,1,0
1591,1,15482277,1,,3.0,5,6.0,5,1,1,1
1592,1,15482601,2,,3.0,2,11.0,4,1,1,0
1593,1,15483339,1,,1.0,1,3.0,3,0,1,0
1594,1,15485190,1,4.0,3.0,2,4.0,3,1,1,0
1595,1,15485786,1,4.0,3.0,6,9.0,7,1,1,0
1596,1,15487259,2,,2.0,1,9.0,6,0,1,0
1597,1,15487449,3,4.0,3.0,3,9.0,5,1,1,1
1598,1,15489372,4,,3.0,2,11.0,2,1,1,0
1599,1,15489395,13,,3.0,3,9.0,7,1,1,0
1600,1,15490067,2,,4.0,5,2.0,6,1,1,0
1601,1,15491753,1,,1.0,5,9.0,5,1,1,0
1602,1,15492702,4,5.0,4.0,5,4.0,1,1,2,0
1603,1,15492932,2,1.0,2.0,2,10.0,4,0,1,0
1604,1,15495506,1,,1.0,3,2.0,5,1,1,0
1605,1,15498591,3,1.0,2.0,2,6.0,5,1,1,0
1606,1,15501617,1,2.0,4.0,3,4.0,1,1,1,0
1607,1,15501625,1,,1.0,3,7.0,5,1,1,0
1608,1,15503611,1,,4.0,4,9.0,6,1,1,1
1609,1,15503705,4,2.0,4.0,2,7.0,7,0,1,0
1610,1,15506354,8,,1.0,4,8.0,4,1,1,0
1611,1,15511179,1,2.0,1.0,3,8.0,3,1,1,0
1612,1,15511333,4,,4.0,2,6.0,5,0,1,0
1613,1,15511638,1,5.0,2.0,2,7.0,6,0,1,0
1614,1,15512451,1,,4.0,2,8.0,7,1,1,0
1615,1,15514350,2,,4.0,4,8.0,3,1,1,1
1616,1,15514646,5,5.0,1.0,3,11.0,2,1,1,0
1617,1,15515629,14,,2.0,3,8.0,5,1,1,0
1618,1,15516355,1,5.0,3.0,2,3.0,2,0,1,0
1619,1,15516809,1,,1.0,2,11.0,1,0,1,0
1620,1,15517249,1,,4.0,4,8.0,6,1,1,0
1621,1,15518372,2,2.0,3.0,2,5.0,3,0,1,0
1622,1,15521526,1,2.0,3.0,4,7.0,6,1,1,0
1623,1,15522920,6,,3.0,3,6.0,3,1,1,0
1624,1,15524001,43,,1.0,3,6.0,4,1,1,0
1625,1,15532464,1,,4.0,4,3.0,4,0,1,0
1626,1,15534501,5,2.0,2.0,3,7.0,5,1,3,0
1627,1,15535685,8,,3.0,2,11.0,1,0,1,0
1628,1,15536630,2,,4.0,1,7.0,5,0,1,0
1629,1,15536937,19,,3.0,4,6.0,5,1,1,0
1630,1,15537579,4,5.0,3.0,3,1.0,6,1,1,1
1631,1,15538293,2,2.0,2.0,5,5.0,7,1,1,0
1632,1,15538470,1,,2.0,4,6.0,1,1,1,0
1633,1,15539830,2,2.0,2.0,2,7.0,2,1,1,0
1634,1,15540105,7,,2.0,5,10.0,2,0,1,0
1635,1,15541746,8,,1.0,4,6.0,3,1,1,0
1636,1,15541879,1,2.0,2.0,2,7.0,7,1,1,0
1637,1,15542479,5,,2.0,1,5.0,6,0,1,0
1638,1,15544265,6,,2.0,2,3.0,2,0,1,0
1639,1,15547777,1,,4.0,3,11.0,5,1,1,0
1640,1,15548409,5,,1.0,2,6.0,4,1,1,0
1641,1,15550018,2,,3.0,5,6.0,4,1,1,0
1642,1,15550321,2,5.0,1.0,4,6.0,4,1,1,0
1643,1,15551760,2,,1.0,1,2.0,5,0,1,0
1644,1,15551896,1,4.0,2.0,2,10.0,2,0,1,0
1645,1,15552966,1,,4.0,1,4.0,6,0,1,0
1646,1,15554260,1,2.0,3.0,4,4.0,1,1,1,1
1647,1,15556946,2,,1.0,1,9.0,3,0,1,0
1648,1,15559943,2,,2.0,2,4.0,5,1,1,0
1649,1,15560239,1,,2.0,2,4.0,4,0,1,0
1650,1,15560248,1,2.0,3.0,5,8.0,5,1,1,0
1651,1,15562127,1,,1.0,3,7.0,7,1,1,0
1652,1,15564005,6,,3.0,3,8.0,7,1,1,0
1653,1,15564569,1,2.0,4.0,4,7.0,7,1,1,0
1654,1,15565426,1,,3.0,3,10.0,5,1,1,0
1655,1,15567649,1,5.0,1.0,4,6.0,7,1,2,1
1656,1,15568212,2,1.0,1.0,1,9.0,5,0,1,0
1657,1,15570272,1,,1.0,6,6.0,7,1,1,0
1658,1,15571199,1,,4.0,2,11.0,3,1,1,0
1659,1,15576368,2,2.0,2.0,3,4.0,3,1,1,0
1660,1,15577667,1,,2.0,3,6.0,7,1,1,0
1661,1,15578113,1,1.0,1.0,2,9.0,2,0,1,0
1662,1,15578975,1,,4.0,2,11.0,7,1,1,0
1663,1,15579862,3,,4.0,2,9.0,4,1,1,0
1664,1,15580923,1,,3.0,5,11.0,1,1,1,0
1665,1,15583604,1,,3.0,3,7.0,5,1,1,0
1666,1,15584603,10,,3.0,4,10.0,7,0,1,0
1667,1,15586284,2,2.0,1.0,5,6.0,6,1,1,0
1668,1,15587481,1,,2.0,2,6.0,6,0,1,0
1669,1,15587672,6,,1.0,3,11.0,1,0,1,0
1670,1,15588950,8,2.0,1.0,5,8.0,6,1,1,0
1671,1,15589187,2,,4.0,4,5.0,5,1,1,1
1672,1,15591149,1,,3.0,2,10.0,5,1,1,0
1673,1,15593892,1,2.0,1.0,3,8.0,5,1,1,0
1674,1,15599595,6,,3.0,3,10.0,1,1,1,0
1675,1,15601575,2,5.0,4.0,3,7.0,7,1,1,1
1676,1,15603830,1,,3.0,5,5.0,5,1,1,0
1677,1,15604055,3,,2.0,4,7.0,4,1,1,0
1678,1,15606498,1,,2.0,5,3.0,5,1,1,0
1679,1,15608198,1,,2.0,5,7.0,7,1,1,0
1680,1,15609528,6,5.0,2.0,3,5.0,7,0,1,0
1681,1,15610086,4,5.0,1.0,5,7.0,2,1,1,0
1682,1,15610248,1,1.0,4.0,2,3.0,5,1,1,0
1683,1,15611833,5,,3.0,6,6.0,7,1,1,0
1684,1,15611953,8,,1.0,4,8.0,5,1,1,0
1685,1,15613919,1,,2.0,3,4.0,6,1,1,0
1686,1,15613930,2,4.0,2.0,4,6.0,7,1,1,0
1687,1,15616308,1,2.0,4.0,4,9.0,7,1,3,0
1688,1,15616610,1,,1.0,6,9.0,1,1,1,0
1689,1,15617850,4,,1.0,4,9.0,6,1,1,0
1690,1,15618297,1,,3.0,2,7.0,5,1,1,0
1691,1,15619101,2,,3.0,3,11.0,4,1,1,0
1692,1,15619697,10,1.0,1.0,4,11.0,5,1,1,0
1693,1,15621085,1,5.0,1.0,2,11.0,4,0,1,0
1694,1,15621240,3,,3.0,4,5.0,5,1,1,0
1695,1,15622474,1,,2.0,3,7.0,7,1,1,0
1696,1,15625755,1,2.0,3.0,3,6.0,4,1,1,0
1697,1,15625880,2,,2.0,2,4.0,5,0,1,0
1698,1,15628156,1,,1.0,3,7.0,6,1,1,1
1699,1,15628959,2,4.0,2.0,4,8.0,5,1,1,0
1700,1,15629459,2,1.0,4.0,2,8.0,3,0,1,0
1701,1,15629608,2,,2.0,5,3.0,6,1,1,0
1702,1,15632529,1,4.0,3.0,4,6.0,5,1,1,0
1703,1,15632663,1,,1.0,2,10.0,2,0,1,0
1704,1,15633826,10,5.0,3.0,4,8.0,6,1,2,0
1705,1,15635584,1,,1.0,1,6.0,5,0,1,0
1706,1,15637111,1,5.0,1.0,2,6.0,5,1,3,0
1707,1,15639948,2,,3.0,2,3.0,1,0,2,0
1708,1,15642785,1,2.0,3.0,4,5.0,4,1,1,0
1709,1,15642858,2,1.0,3.0,4,9.0,1,1,1,0
1710,1,15644047,1,,3.0,4,11.0,5,1,1,0
1711,1,15644102,1,1.0,1.0,4,7.0,5,1,1,0
1712,1,15644121,1,,2.0,3,5.0,5,1,1,0
1713,1,15646101,2,1.0,2.0,1,8.0,2,0,1,0
1714,1,15652035,1,5.0,4.0,2,5.0,2,1,1,1
1715,1,15653170,2,4.0,4.0,4,6.0,7,1,3,0
1716,1,15654407,2,4.0,2.0,4,7.0,6,1,1,0
1717,1,15654984,6,2.0,2.0,3,6.0,5,1,1,0
1718,1,15655291,3,,3.0,1,6.0,4,0,1,1
1719,1,15655394,5,1.0,1.0,3,6.0,6,1,1,0
1720,1,15656391,2,,3.0,4,4.0,3,1,1,0
1721,1,15657841,1,4.0,4.0,4,9.0,7,1,1,0
1722,1,15658998,1,2.0,4.0,1,5.0,3,0,1,0
1723,1,15659932,1,2.0,4.0,4,9.0,5,1,1,0
1724,1,15659936,3,,3.0,2,8.0,7,1,1,0
1725,1,15660158,1,,2.0,4,6.0,3,1,1,0
1726,1,15661410,1,1.0,3.0,6,9.0,3,1,1,0
1727,1,15662253,1,,1.0,5,9.0,1,1,1,1
1728,1,15662487,2,2.0,3.0,4,9.0,5,1,1,0
1729,1,15663195,1,,1.0,2,5.0,4,0,1,0
1730,1,15663612,3,,,2,3.0,3,0,1,0
1731,1,15663970,6,,1.0,2,11.0,2,0,2,0
1732,1,15664069,2,,4.0,3,4.0,5,1,1,0
1733,1,15664777,7,,1.0,3,11.0,3,1,2,0
1734,1,15665807,3,1.0,3.0,2,7.0,5,0,1,0
1735,1,15666458,1,,3.0,2,7.0,4,0,1,0
1736,1,15666795,1,,2.0,5,8.0,7,1,1,0
1737,1,15667238,12,4.0,4.0,4,9.0,7,1,1,0
1738,1,15668341,16,2.0,4.0,5,6.0,6,1,1,0
1739,1,15669159,8,5.0,1.0,3,8.0,7,1,1,0
1740,1,15669326,1,,1.0,5,8.0,6,1,1,0
1741,1,15670318,1,,1.0,2,8.0,6,1,1,0
1742,1,15670652,4,2.0,3.0,5,8.0,4,1,1,0
1743,1,15670925,8,,3.0,1,11.0,5,0,1,0
1744,1,15671435,1,4.0,2.0,3,8.0,7,1,1,0
1745,1,15672491,1,2.0,2.0,3,8.0,7,1,1,0
1746,1,15672992,2,5.0,1.0,3,8.0,1,1,1,0
1747,1,15674889,4,2.0,1.0,5,6.0,6,1,1,0
1748,1,15676602,2,,1.0,2,6.0,7,0,1,0
1749,1,15676745,5,5.0,2.0,2,7.0,7,0,1,0
1750,1,15677156,1,1.0,3.0,4,6.0,1,1,1,0
1751,1,15680846,7,,3.0,3,5.0,4,1,1,0
1752,1,15681831,6,2.0,3.0,2,9.0,4,0,1,0
1753,1,15681991,4,,2.0,2,8.0,1,0,1,0
1754,1,15682826,1,5.0,4.0,5,4.0,1,1,1,1
1755,1,15683299,1,,4.0,2,10.0,7,0,1,0
1756,1,15683538,4,,3.0,4,6.0,4,1,1,0
1757,1,15686152,8,4.0,2.0,2,5.0,6,1,1,0
1758,1,15687265,8,2.0,2.0,5,5.0,3,1,1,0
1759,1,15687837,1,2.0,3.0,2,7.0,6,0,1,0
1760,1,15687857,9,4.0,1.0,6,5.0,7,1,1,0
1761,1,15688844,4,,1.0,2,9.0,4,0,1,1
1762,1,15693308,1,5.0,4.0,5,5.0,5,1,1,1
1763,1,15693668,3,,4.0,2,5.0,5,1,1,0
1764,1,15695968,5,1.0,2.0,5,10.0,2,1,1,0
1765,1,15696910,2,,3.0,4,8.0,4,1,1,0
1766,1,15698055,7,,3.0,4,4.0,4,1,1,0
1767,1,15698341,2,,4.0,6,8.0,6,1,1,0
1768,1,15698605,1,,4.0,1,11.0,2,0,1,0
1769,2,9663372,1,4.0,4.0,3,9.0,7,1,1,0
1770,2,10723060,2,4.0,1.0,3,9.0,5,1,1,0
1771,2,10760674,1,,3.0,3,5.0,6,1,1,0
1772,2,11425410,1,,3.0,2,9.0,6,0,1,0
1773,2,11471839,1,,2.0,2,9.0,5,0,1,0
1774,2,11517235,1,1.0,4.0,1,4.0,1,0,1,1
1775,2,11559220,1,,3.0,3,9.0,7,1,1,0
1776,2,11612275,1,,4.0,1,8.0,6,0,1,0
1777,2,12096909,1,,4.0,2,7.0,7,1,1,0
1778,2,12130933,1,,2.0,3,10.0,6,1,1,0
1779,2,12476920,1,,3.0,4,5.0,2,1,1,1
1780,2,12650861,1,4.0,1.0,5,7.0,6,1,1,0
1781,2,12693506,1,,1.0,4,11.0,5,1,1,0
1782,2,12889717,3,,4.0,4,6.0,6,1,1,0
1783,2,12915567,2,1.0,3.0,4,7.0,5,1,1,0
1784,2,12927292,1,2.0,3.0,2,6.0,5,1,1,0
1785,2,12935197,1,,3.0,2,10.0,2,0,1,0
1786,2,12968879,1,,3.0,2,7.0,5,0,1,1
1787,2,12970368,1,,2.0,2,6.0,7,0,1,1
1788,2,12976421,1,1.0,4.0,2,7.0,6,1,1,1
1789,2,12981473,1,4.0,3.0,4,10.0,5,1,1,0
1790,2,13023324,1,,4.0,3,8.0,1,1,1,1
1791,2,13030654,1,,1.0,4,11.0,4,1,1,0
1792,2,13038753,2,4.0,2.0,3,6.0,5,1,1,0
1793,2,13056185,2,,1.0,4,11.0,7,1,1,0
1794,2,13059437,1,,4.0,2,10.0,6,1,1,0
1795,2,13170746,1,,1.0,5,6.0,6,1,1,0
1796,2,13602443,1,4.0,2.0,4,9.0,3,1,1,0
1797,2,13616888,1,2.0,1.0,4,8.0,5,1,3,0
1798,2,13874204,6,,4.0,3,8.0,7,1,1,0
1799,2,13974787,5,,2.0,2,3.0,5,1,1,0
1800,2,14131028,1,,1.0,4,10.0,2,1,2,0
1801,2,14294918,1,,2.0,5,4.0,1,1,1,0
1802,2,14301111,1,,1.0,2,6.0,7,1,1,0
1803,2,14363325,1,,2.0,3,11.0,7,1,1,0
1804,2,14413407,1,,1.0,5,10.0,1,1,1,0
1805,2,14422126,1,4.0,2.0,4,7.0,3,0,1,1
1806,2,14423807,1,,2.0,4,4.0,6,1,1,0
1807,2,14424301,1,,2.0,2,8.0,5,1,1,0
1808,2,14426395,1,,2.0,5,10.0,5,1,1,0
1809,2,14429002,1,,1.0,2,8.0,6,1,1,0
1810,2,14440498,1,,3.0,2,8.0,7,0,1,0
1811,2,14468934,1,,3.0,6,7.0,6,1,1,0
1812,2,14509940,1,,3.0,2,10.0,5,0,1,0
1813,2,14512267,1,,3.0,2,4.0,5,1,1,0
1814,2,14541915,1,,2.0,5,6.0,7,1,1,0
1815,2,14547210,1,,3.0,3,9.0,7,0,1,0
1816,2,14549584,1,,3.0,3,4.0,5,1,1,0
1817,2,14554070,2,,1.0,2,5.0,7,0,1,0
1818,2,14557455,1,,1.0,2,10.0,7,0,1,0
1819,2,14568273,1,,4.0,2,8.0,4,0,1,1
1820,2,14580808,1,1.0,3.0,3,6.0,5,1,2,0
1821,2,14584414,1,,1.0,2,10.0,5,0,1,0
1822,2,14627089,1,,2.0,1,11.0,2,0,1,0
1823,2,14630596,1,,1.0,3,10.0,4,1,1,0
1824,2,14639373,1,,2.0,5,9.0,6,1,1,1
1825,2,14694607,1,,2.0,6,10.0,5,1,1,0
1826,2,14705591,1,,1.0,2,5.0,5,0,1,0
1827,2,14871929,1,,1.0,2,7.0,5,0,1,0
1828,2,14876479,1,,3.0,3,3.0,1,1,1,0
1829,2,14999854,1,,4.0,1,10.0,6,0,1,0
1830,2,15079362,1,,1.0,2,4.0,1,0,1,0
1831,2,15200371,1,4.0,1.0,4,9.0,4,1,1,0
1832,2,15264631,1,,2.0,2,4.0,4,0,1,0
1833,2,15298302,1,,3.0,1,6.0,5,0,1,0
1834,2,15307176,16,1.0,1.0,3,8.0,7,1,1,0
1835,2,15417636,1,4.0,1.0,3,8.0,5,1,1,0
1836,2,15452263,1,1.0,1.0,4,9.0,4,1,1,0
1837,2,15462252,1,2.0,4.0,2,1.0,3,0,1,0
1838,2,15489372,2,,3.0,2,11.0,2,1,1,0
1839,2,15556946,1,,1.0,1,9.0,3,0,1,0
1840,2,15564005,1,,3.0,3,8.0,7,1,1,0
1841,2,15587672,1,,1.0,3,11.0,1,0,1,0
1842,2,15642858,1,1.0,3.0,4,9.0,1,1,1,0
1843,2,15667238,1,4.0,4.0,4,9.0,7,1,1,0
1844,2,15669159,1,5.0,1.0,3,8.0,7,1,1,0
1845,2,15687837,1,2.0,3.0,2,7.0,6,0,1,0
1846,2,15691873,1,4.0,1.0,3,7.0,4,1,1,0
1847,2,15698055,1,,3.0,4,4.0,4,1,1,0
1848,3,9595310,1,4.0,2.0,2,8.0,2,1,1,0
1849,3,9663372,2,4.0,4.0,3,9.0,7,1,1,0
1850,3,10760674,1,,3.0,3,5.0,6,1,1,0
1851,3,12432899,1,1.0,4.0,2,6.0,3,1,3,0
1852,3,12793618,1,,3.0,1,4.0,5,0,1,0
1853,3,13010048,1,,3.0,2,8.0,7,0,1,0
1854,3,14294918,1,,2.0,5,4.0,1,1,1,0
1855,3,14468934,1,,3.0,6,7.0,6,1,1,0
1856,3,14584037,1,,1.0,3,9.0,6,1,1,0
1857,3,14639373,9,,2.0,5,9.0,6,1,1,1
1858,3,15307176,6,1.0,1.0,3,8.0,7,1,1,0
1859,3,15385733,1,,1.0,4,8.0,6,1,1,0
1860,3,15515629,1,,2.0,3,8.0,5,1,1,0
1861,3,15526833,1,,3.0,3,4.0,3,1,1,0
1862,3,15563422,1,,2.0,2,4.0,1,1,1,0
1863,4,9663372,2,4.0,4.0,3,9.0,7,1,1,0
1864,4,10760674,2,,3.0,3,5.0,6,1,1,0
1865,4,12650861,1,4.0,1.0,5,7.0,6,1,1,0
1866,4,13786095,1,4.0,2.0,4,11.0,3,1,1,0
1867,4,13820498,1,,1.0,2,4.0,5,0,1,0
1868,4,13827053,4,,2.0,3,3.0,6,1,1,1
1869,4,14423807,2,,2.0,4,4.0,6,1,1,0
1870,4,14529784,1,,2.0,4,7.0,4,0,1,1
1871,4,14557540,1,,2.0,6,6.0,6,1,1,0
1872,4,15307176,2,1.0,1.0,3,8.0,7,1,1,0
1873,4,15341111,1,,3.0,5,9.0,6,1,1,0
1874,5,9663372,2,4.0,4.0,3,9.0,7,1,1,0
1875,5,12954465,1,4.0,2.0,3,9.0,7,1,1,0
1876,5,14601751,1,,3.0,4,7.0,4,1,1,0
1877,5,14606799,1,,3.0,4,8.0,4,1,1,0
1878,5,14639373,3,,2.0,5,9.0,6,1,1,1
1879,5,14683422,1,,4.0,2,4.0,1,1,1,0
1880,5,15307176,1,1.0,1.0,3,8.0,7,1,1,0
1881,5,15563422,1,,2.0,2,4.0,1,1,1,0
1882,6,11425410,2,,3.0,2,9.0,6,0,1,0
1883,6,12496508,1,1.0,4.0,3,9.0,2,1,1,0
1884,6,12700901,1,,3.0,3,11.0,3,1,1,0
1885,6,12973157,1,,4.0,2,11.0,4,1,1,0
1886,6,13827053,2,,2.0,3,3.0,6,1,1,1
1887,6,14423807,1,,2.0,4,4.0,6,1,1,0
1888,6,14527144,1,,3.0,3,6.0,6,1,1,0
1889,6,14815108,1,1.0,4.0,3,8.0,7,1,1,0
1890,7,14225358,1,,1.0,3,10.0,4,1,1,0
1891,7,14815108,1,1.0,4.0,3,8.0,7,1,1,0
1892,7,15073704,1,,1.0,1,4.0,7,0,1,0
1893,8,10653056,1,2.0,3.0,2,8.0,5,1,1,0
1894,8,14423807,1,,2.0,4,4.0,6,1,1,0
1895,8,15090549,1,,1.0,3,6.0,1,1,1,0
1896,9,10729042,1,,3.0,3,4.0,7,1,1,0
1897,10,14606799,1,,3.0,4,8.0,4,1,1,0
1898,12,14639373,1,,2.0,5,9.0,6,1,1,1
1899,15,11585309,1,,1.0,4,4.0,1,1,1,1
1900,20,15563422,1,,2.0,2,4.0,1,1,1,0
